Run Number,Date,Start Time,End Time
2033,10/17/2022,20:00,20:20
2034,10/17/2022,20:21,20:45
2035,10/17/2022,20:54,21:04
2036,10/17/2022,21:27,21:55
2037,10/17/2022,21:58,22:43
2038,10/17/2022,23:19,0:48
2039,10/18/2022,1:04,1:28
2040,10/18/2022,1:41,2:46
2042,10/18/2022,3:38,4:21
2045,10/18/2022,4:41,5:41
2046,10/18/2022,5:51,6:01
2047,10/18/2022,6:07,6:57
2053,10/18/2022,8:00,9:10
2054,10/18/2022,9:12,10:15
2062,10/18/2022,14:26,15:39
2080,10/19/2022,3:44,4:20
2081,10/19/2022,4:23,4:44
2082,10/19/2022,4:58,5:21
2083,10/19/2022,5:23,5:48
2084,10/19/2022,5:52,6:59
2085,10/19/2022,7:10,7:29
2125,10/21/2022,3:57,4:56
2126,10/21/2022,4:57,5:39
2127,10/21/2022,5:43,6:18
2128,10/21/2022,6:27,6:46
2131,10/21/2022,7:04,7:14
2132,10/21/2022,7:16,8:16
2133,10/21/2022,8:20,9:16
2134,10/21/2022,9:27,10:27
2136,10/21/2022,10:48,11:45
2137,10/21/2022,12:00,13:00
2138,10/21/2022,13:04,13:19
2141,10/21/2022,13:35,13:51
2143,10/21/2022,14:04,14:17
2145,10/21/2022,14:25,15:06
2146,10/21/2022,15:21,15:50
2149,10/21/2022,16:03,17:01
2164,10/22/2022,0:57,2:13
2165,10/22/2022,2:16,2:47
2168,10/22/2022,2:57,4:32
2169,10/22/2022,4:38,4:43
2170,10/22/2022,4:44,6:00
2171,10/22/2022,6:02,6:41
2172,10/22/2022,6:43,8:03
2173,10/22/2022,9:16,10:19
2174,10/22/2022,10:38,11:43
2175,10/22/2022,11:45,12:45
2176,10/22/2022,12:51,13:25
2199,10/24/2022,7:39,8:42
2200,10/24/2022,8:45,9:49
2201,10/24/2022,9:53,10:11
2203,10/24/2022,10:23,11:24
2204,10/24/2022,11:27,12:22
2206,10/24/2022,12:29,13:40
2208,10/24/2022,13:54,15:07
2209,10/24/2022,15:30,16:38
2210,10/24/2022,16:57,18:00
2211,10/24/2022,18:00,18:05
2212,10/24/2022,18:18,19:43
2213,10/24/2022,19:52,21:00
2214,10/24/2022,21:02,22:14
2215,10/24/2022,22:15,22:38
2216,10/24/2022,22:49,0:05
2217,10/25/2022,0:11,1:12
2218,10/25/2022,1:15,1:19
2219,10/25/2022,1:34,3:15
2220,10/25/2022,3:17,4:09
2221,10/25/2022,6:27,7:32
2222,10/25/2022,7:35,8:45
2223,10/25/2022,8:47,9:47
2224,10/25/2022,9:48,11:05
2225,10/25/2022,11:27,12:32
2226,10/25/2022,12:39,13:45
2227,10/25/2022,13:47,14:15
2228,10/25/2022,15:20,17:15
2229,10/25/2022,17:16,18:53
2230,10/25/2022,18:54,19:54
2231,10/25/2022,20:00,23:00
2232,10/25/2022,21:04,22:08
2233,10/25/2022,22:10,23:11
2234,10/25/2022,23:12,0:17
2235,10/26/2022,0:27,1:06
2236,10/26/2022,1:09,2:12
2237,10/26/2022,2:18,3:34
2238,10/26/2022,3:36,4:49
2239,10/26/2022,5:00,6:13
2240,10/26/2022,6:15,7:13
2241,10/26/2022,7:20,8:20
2242,10/26/2022,8:23,9:23
2243,10/26/2022,9:24,9:58
2244,10/26/2022,10:28,11:29
2245,10/26/2022,11:29,12:25
2246,10/26/2022,12:29,13:25
2247,10/26/2022,13:32,14:13
2248,10/26/2022,14:32,15:15
2250,10/26/2022,16:28,17:12
2251,10/26/2022,17:14,17:25
2252,10/26/2022,17:29,18:39
2253,10/26/2022,9:50,19:43
2254,10/26/2022,21:31,22:30
2255,10/26/2022,22:32,23:32
2256,10/26/2022,23:41,0:46
2257,10/27/2022,0:47,1:46
2258,10/27/2022,5:12,6:15
2259,10/27/2022,6:17,7:16
2260,10/27/2022,7:17,7:57
2275,10/27/2022,20:09,20:50
2276,10/27/2022,21:20,22:59
2302,10/29/2022,1:13,1:54
2303,10/29/2022,3:19,4:40
2304,10/29/2022,4:43,6:00
2305,10/29/2022,8:19,9:20
2306,10/29/2022,9:56,11:00
2307,10/29/2022,12:19,13:19
2309,10/29/2022,13:49,15:10
2310,10/29/2022,15:16,15:43
2313,10/29/2022,22:10,23:16
2314,10/29/2022,23:18,0:20
2315,10/30/2022,0:22,1:26
2316,10/30/2022,1:46,2:55
2318,10/30/2022,3:11,4:11
2319,10/30/2022,4:12,5:30
2320,10/30/2022,5:41,6:20
2321,10/30/2022,6:24,7:26
2322,10/30/2022,7:28,8:23
2323,10/30/2022,8:26,9:12
2506,11/11/2022,9:02,10:05
2507,11/11/2022,10:06,11:05
2511,11/11/2022,11:33,12:04
2512,11/11/2022,12:43,13:15
2516,11/12/2022,3:15,4:15
2517,11/12/2022,4:24,5:27
2518,11/12/2022,5:47,6:47
2519,11/12/2022,6:58,7:58
2520,11/12/2022,8:00,9:00
2521,11/13/2022,9:06,9:10
2522,11/12/2022,10:15,11:15
2523,11/12/2022,11:17,11:28
2524,11/12/2022,11:40,12:53
2525,11/12/2022,12:55,13:38
2526,11/12/2022,13:56,14:33
2527,11/12/2022,14:38,15:39
2528,11/12/2022,15:56,17:06
2529,11/12/2022,17:07,17:50
2531,11/12/2022,18:08,18:21
2535,11/12/2022,19:10,19:59
2536,11/12/2022,20:06,20:38
2537,11/12/2022,20:46,21:42
2539,11/12/2022,22:15,23:15
2540,11/12/2022,23:17,0:17
2541,11/13/2022,0:23,1:23
2542,11/13/2022,1:25,2:25
2543,11/13/2022,2:30,3:30
2544,11/13/2022,3:31,4:31
2545,11/13/2022,8:37,9:40
2551,11/13/2022,19:15,20:15
2552,11/13/2022,19:15,20:15
2553,11/13/2022,21:06,22:06
2554,11/13/2022,22:08,23:08
2555,11/13/2022,23:09,0:10
2556,11/14/2022,0:15,1:15
2557,11/14/2022,1:17,2:24
2558,11/14/2022,2:26,3:27
2559,11/14/2022,3:32,4:10
2560,11/14/2022,5:00,5:54
2561,11/14/2022,6:07,7:07
2562,11/14/2022,7:08,7:37
2563,11/14/2022,7:41,7:53
2564,11/14/2022,8:04,8:08
2565,11/14/2022,8:13,8:23
2566,11/14/2022,8:24,8:37
2568,11/14/2022,8:42,8:49
2569,11/14/2022,8:55,9:04
2574,11/14/2022,11:12,12:12
2570,11/14/2022,9:17,9:24
2571,11/14/2022,9:32,9:45
2572,11/14/2022,9:53,10:58
2574,11/14/2022,11:12,12:18
2575,11/14/2022,12:20,13:30
2576,11/14/2022,13:32,14:27
2577,11/14/2022,14:40,15:37
2578,11/14/2022,15:50,16:58
2579,11/14/2022,16:59,18:06
2580,11/14/2022,18:29,19:34
2581,11/14/2022,19:36,20:24
2583,11/14/2022,22:22,23:50
2584,11/14/2022,23:56,1:00
2585,11/15/2022,1:03,6:00
2586,11/15/2022,2:29,3:42
2587,11/15/2022,3:45,4:43
2613,11/16/2022,9:19,10:22
2614,11/16/2022,10:23,10:53
2615,11/16/2022,11:03,12:01
2616,11/16/2022,12:05,13:02
2617,11/16/2022,13:05,14:05
2618,11/16/2022,14:05,15:26
2619,11/16/2022,15:49,16:56
2620,11/16/2022,16:58,17:57
2621,11/16/2022,18:06,19:07
2622,11/16/2022,19:08,20:09
2623,11/16/2022,20:11,20:38
2624,11/16/2022,20:58,21:57
2625,11/16/2022,21:59,22:58
2626,11/17/2022,23:06,0:08
2627,11/17/2022,0:11,1:13
2628,11/17/2022,1:16,1:59
2629,11/17/2022,2:04,3:09
2630,11/17/2022,3:11,3:18
2631,11/17/2022,3:21,4:21
2632,11/17/2022,4:25,5:00
2633,11/17/2022,5:06,6:06
2634,11/17/2022,6:08,6:38
2635,11/17/2022,6:45,8:42
2637,11/18/2022,5:22,6:24
2638,11/18/2022,6:33,7:30
2646,11/18/2022,9:03,10:03
2647,11/18/2022,10:06,11:04
2648,11/18/2022,11:07,12:05
2649,11/18/2022,12:05,12:14
2650,11/18/2022,12:18,13:30
2651,11/18/2022,13:51,14:48
2658,11/18/2022,16:00,17:03
2659,11/18/2022,17:31,18:32
2660,11/18/2022,18:40,19:45
2661,11/18/2022,19:54,20:55
2662,11/18/2022,20:59,21:33
2667,11/18/2022,22:13,23:11
2668,11/18/2022,23:16,0:17
2669,11/19/2022,0:19,1:20
2670,11/19/2022,1:21,2:20
2671,11/19/2022,2:28,3:29
2674,11/19/2022,3:47,4:50
2676,11/19/2022,5:18,6:18
2677,11/19/2022,6:22,7:23
2678,11/19/2022,7:25,7:29
2679,11/19/2022,7:33,8:24
2680,11/19/2022,8:26,9:40
2681,11/19/2022,9:43,10:41
2683,11/19/2022,11:01,11:34
2684,11/19/2022,11:38,12:25
2685,11/19/2022,12:29,13:19
2687,11/19/2022,13:37,14:33
2688,11/19/2022,14:42,15:42
2689,11/19/2022,15:45,16:49
2690,11/19/2022,16:51,17:32
2691,11/19/2022,17:43,18:44
2692,11/19/2022,18:45,19:46
2693,11/19/2022,19:50,20:33
2694,11/19/2022,20:40,21:41
2695,11/19/2022,21:43,22:44
2696,11/19/2022,22:46,23:26
2697,11/19/2022,23:33,0:33
2698,11/20/2022,0:34,1:34
2699,11/20/2022,1:35,2:35
2700,11/20/2022,2:38,3:38
2701,11/20/2022,3:39,4:40
2702,11/20/2022,4:44,5:43
2703,11/20/2022,5:46,6:47
2704,11/20/2022,6:48,7:48
2705,11/20/2022,7:50,8:43
2706,11/20/2022,8:50,9:54
2707,11/20/2022,9:56,10:40
2709,11/20/2022,11:09,11:54
2710,11/20/2022,12:01,12:16
2711,11/20/2022,12:24,13:33
2712,11/20/2022,13:37,14:42
2713,11/20/2022,14:42,15:01
2714,11/20/2022,15:07,16:07
2715,11/20/2022,16:11,17:11
2716,11/20/2022,17:12,18:14
2717,11/20/2022,18:19,19:22
2718,11/20/2022,19:25,20:29
2719,11/20/2022,20:30,21:29
2720,11/20/2022,21:34,22:35
2721,11/20/2022,22:37,23:38
2722,11/20/2022,23:40,0:40
2723,11/21/2022,0:44,1:45
2724,11/21/2022,1:46,2:46
2725,11/21/2022,2:48,3:48
2726,11/21/2022,3:52,4:52
2727,11/21/2022,4:53,5:49
2728,11/21/2022,5:52,6:52
2729,11/21/2022,6:55,7:55
2730,11/21/2022,7:57,8:24
2763,11/21/2022,22:39,23:44
2764,11/21/2022,23:47,0:47
2765,11/22/2022,0:49,0:51
2766,11/22/2022,1:55,2:55
2767,11/22/2022,2:57,3:57
2768,11/22/2022,4:01,5:01
2769,11/22/2022,5:05,6:06
2770,11/22/2022,6:08,6:40
2959,12/1/2022,8:45,10:06
2964,12/1/2022,11:09,12:28
2966,12/1/2022,12:37,14:07
2967,12/1/2022,14:20,15:09
2968,12/1/2022,15:13,17:13
2970,12/1/2022,17:28,18:43
2971,12/1/2022,18:51,18:58
2973,12/1/2022,19:28,20:34
2974,12/1/2022,21:01,21:51
2976,12/1/2022,22:03,22:16
2981,12/1/2022,22:49,22:55
2983,12/1/2022,23:20,0:21
2984,12/2/2022,0:28,2:28
2985,12/2/2022,2:57,4:57
2986,12/2/2022,5:08,5:32
2988,12/2/2022,5:44,6:19
2989,12/2/2022,7:23,9:22
2990,12/2/2022,9:30,10:08
2995,12/2/2022,10:45,12:47
2996,12/2/2022,12:56,13:12
2997,12/2/2022,3:07,6:43
2998,12/2/2022,8:24,7:26
2999,12/2/2022,12:57,7:26
3000,12/2/2022,8:38,4:19
3001,12/2/2022,5:16,11:45
3003,12/2/2022,0:01,7:26
3004,12/2/2022,7:55,1:41
3005,12/3/2022,1:51,3:13
3006,12/3/2022,4:00,5:00
3007,12/3/2022,5:08,7:32
3008,12/3/2022,7:41,8:41
3009,12/3/2022,8:43,9:30
3011,12/3/2022,10:40,11:40
3013,12/3/2022,11:51,12:53
3014,12/3/2022,13:03,14:02
3016,12/3/2022,14:13,15:13
3017,12/3/2022,15:19,16:18
3018,12/3/2022,16:59,17:47
3019,12/3/2022,18:00,18:48
3020,12/3/2022,18:56,19:55
3021,12/3/2022,20:00,20:56
3022,12/3/2022,20:59,21:22
3024,12/3/2022,22:00,22:42
3025,12/3/2022,22:47,23:47
3026,12/3/2022,23:51,1:26
3027,12/4/2022,1:35,3:54
3028,12/4/2022,3:59,5:59
3029,12/4/2022,6:01,6:46
3030,12/4/2022,6:52,8:25
3035,12/4/2022,9:22,11:20
3036,12/4/2022,11:32,13:02
3037,12/4/2022,13:07,13:30
3038,12/4/2022,13:39,15:39
3039,12/4/2022,15:44,16:18
3043,12/4/2022,17:22,19:27
3045,12/4/2022,19:56,22:00
3046,12/4/2022,22:02,23:03
3047,12/4/2022,23:09,23:27
3048,12/4/2022,23:32,1:31
3049,12/5/2022,1:37,3:37
3050,12/5/2022,3:42,5:40
3051,12/5/2022,5:46,7:50
3052,12/5/2022,7:54,8:57
3054,12/5/2022,9:48,10:31
3055,12/5/2022,10:38,11:15
3058,12/5/2022,11:47,12:58
3059,12/5/2022,13:06,14:10
3061,12/5/2022,14:31,15:22
3062,12/5/2022,15:31,16:35
3063,12/5/2022,16:37,17:44
3064,12/5/2022,17:50,19:11
3065,12/5/2022,19:29,20:27
3068,12/5/2022,20:58,21:56
3069,12/5/2022,21:58,22:36
3075,12/5/2022,23:37,9:21
3076,12/6/2022,0:42,1:40
3077,12/6/2022,1:47,3:51
3079,12/6/2022,4:30,6:31
3080,12/6/2022,6:41,7:46
3082,12/6/2022,8:00,9:40
3089,12/6/2022,23:27,1:43
3090,12/7/2022,1:45,3:06
3091,12/7/2022,3:13,4:50
3092,12/7/2022,4:52,6:54
3093,12/7/2022,6:59,8:03
3108,12/7/2022,20:40,21:43
3109,12/7/2022,21:45,23:02
3110,12/7/2022,23:04,0:09
3111,12/8/2022,0:11,0:32
3112,12/8/2022,0:38,1:56
3113,12/8/2022,1:59,3:10
3114,12/8/2022,3:11,4:30
3115,12/8/2022,4:34,6:20
3116,12/8/2022,6:21,7:32
3117,12/8/2022,7:34,8:33
3118,12/8/2022,8:40,9:47
3119,12/8/2022,9:49,10:51
3120,12/8/2022,10:53,11:55
3121,12/8/2022,11:57,12:38
3122,12/8/2022,12:45,13:50
3123,12/8/2022,13:53,15:04
3124,12/8/2022,15:06,15:55
3126,12/8/2022,16:04,17:05
3127,12/8/2022,17:12,17:37
3134,12/8/2022,18:19,13:40
3135,12/8/2022,13:55,7:26
3136,12/8/2022,8:24,0:14
3138,12/8/2022,3:07,0:39
3139,12/9/2022,1:25,1:52
3140,12/9/2022,2:30,3:00
3141,12/9/2022,3:06,4:26
3149,12/9/2022,5:54,6:05
3150,12/9/2022,6:06,6:11
3151,12/9/2022,6:18,7:15
3152,12/9/2022,7:28,8:47
3158,12/9/2022,14:56,15:36
3159,12/9/2022,15:39,8:24
3160,12/9/2022,17:46,3:50
3161,12/9/2022,19:20,10:48
3162,12/9/2022,20:50,2:52
3163,12/9/2022,22:13,23:30
3164,12/9/2022,22:13,0:49
3165,12/10/2022,0:50,2:05
3166,12/10/2022,2:06,3:25
3167,12/10/2022,3:30,4:50
3170,12/10/2022,5:08,6:20
3171,12/10/2022,6:22,7:00
3173,12/10/2022,7:03,7:52
3174,12/10/2022,7:56,9:16
3176,12/10/2022,9:26,10:50
3177,12/10/2022,10:59,12:19
3178,12/10/2022,12:21,13:41
3179,12/10/2022,13:46,15:06
3180,12/10/2022,15:08,16:33
3181,12/10/2022,16:38,16:50
3182,12/10/2022,16:57,18:02
3183,12/10/2022,18:03,19:12
3184,12/10/2022,19:13,20:20
3185,12/10/2022,20:37,21:38
3186,12/10/2022,21:39,22:30
3188,12/11/2022,0:31,1:41
3190,12/11/2022,1:48,3:17
3191,12/11/2022,3:22,4:34
3192,12/11/2022,4:36,5:57
3193,12/11/2022,5:59,6:58
3194,12/11/2022,7:54,9:24
3195,12/11/2022,9:26,10:56
3196,12/11/2022,11:05,12:35
3197,12/11/2022,12:36,14:00
3198,12/11/2022,14:07,15:37
3199,12/11/2022,15:40,17:23
3200,12/11/2022,17:30,18:59
3201,12/11/2022,19:00,20:32
3202,12/11/2022,20:37,22:11
3203,12/11/2022,22:12,22:32
3204,12/11/2022,23:11,0:38
3205,12/12/2022,0:43,2:14
3212,12/12/2022,3:11,3:23
3213,12/12/2022,3:27,4:31
3214,12/12/2022,4:34,5:05
3215,12/12/2022,5:07,6:34
3217,12/12/2022,6:42,8:14
3218,12/12/2022,8:17,8:27
3219,12/12/2022,8:40,10:30
3220,12/12/2022,10:34,12:07
3221,12/12/2022,12:08,12:44
3222,12/12/2022,12:58,15:03
3223,12/12/2022,15:04,17:04
3224,12/12/2022,17:09,17:35
3225,12/12/2022,18:57,20:47
3226,12/12/2022,20:54,22:50
3227,12/12/2022,22:53,23:06
3228,12/12/2022,23:08,0:57
3229,12/13/2022,1:01,2:33
3230,12/13/2022,2:34,5:02
3231,12/13/2022,5:18,6:02
3239,12/14/2022,1:26,2:00
3240,12/14/2022,2:13,3:09
3241,12/14/2022,3:22,4:20
3242,12/14/2022,4:22,5:19
3243,12/14/2022,5:21,6:27
3244,12/14/2022,6:29,7:18
3245,12/14/2022,7:26,8:31
3246,12/14/2022,8:32,9:53
3247,12/14/2022,9:55,11:09
3248,12/14/2022,11:12,12:13
3249,12/14/2022,13:25,13:40
3250,12/14/2022,16:34,16:45
3510,1/15/2023,17:36,18:06
3511,1/15/2023,18:09,18:41
3512,1/15/2023,18:45,19:12
3514,1/15/2023,19:29,20:03
3515,1/15/2023,20:31,20:40
3517,1/15/2023,21:02,22:12
3518,1/15/2023,22:14,23:07
3519,1/15/2023,23:10,0:43
3520,1/16/2023,0:45,2:00
3521,1/16/2023,2:06,2:33
3523,1/16/2023,2:39,4:08
3524,1/16/2023,4:12,5:41
3525,1/16/2023,5:43,7:20
3526,1/16/2023,7:23,8:18
3552,1/16/2023,21:11,22:28
3553,1/16/2023,22:34,14:09
3554,1/17/2023,0:02,0:12
3555,1/17/2023,0:21,1:21
3556,1/17/2023,1:23,2:23
3557,1/17/2023,2:24,3:29
3558,1/17/2023,3:34,4:34
3559,1/17/2023,4:36,5:38
3560,1/17/2023,5:40,6:35
3561,1/17/2023,6:40,7:40
3562,1/17/2023,7:42,8:45
3563,1/17/2023,8:47,8:54
3578,1/17/2023,15:33,16:19
3579,1/17/2023,16:28,17:35
3580,1/17/2023,17:36,18:30
3581,1/17/2023,18:31,19:25
3582,1/17/2023,20:13,20:52
3583,1/17/2023,20:57,21:25
3588,1/17/2023,22:39,23:39
3589,1/17/2023,23:41,0:51
3590,1/18/2023,0:53,12:43
3591,1/18/2023,2:01,3:01
3592,1/18/2023,3:03,4:03
3593,1/18/2023,4:04,5:03
3594,1/18/2023,5:09,6:09
3595,1/18/2023,6:11,7:11
3596,1/18/2023,7:13,7:21
3671,1/20/2023,3:43,4:33
3672,1/20/2023,4:38,6:04
3673,1/20/2023,6:06,7:08
3694,1/21/2023,5:43,6:20
3695,1/21/2023,6:22,6:50
3696,1/21/2023,7:46,7:56
3697,1/21/2023,8:00,8:40
3698,1/21/2023,8:42,9:28
3701,1/21/2023,10:27,11:13
3702,1/21/2023,11:21,13:00
3703,1/21/2023,13:02,14:18
3704,1/21/2023,14:22,16:08
3705,1/21/2023,16:08,17:18
3706,1/21/2023,17:24,17:47
3708,1/21/2023,18:10,18:38
3709,1/21/2023,18:44,19:48
3710,1/21/2023,19:52,21:03
3711,1/21/2023,21:09,22:30
3712,1/21/2023,22:31,23:33
3713,1/21/2023,23:37,1:04
3714,1/22/2023,1:06,2:35
3715,1/22/2023,2:38,4:34
3716,1/22/2023,4:36,5:34
3717,1/22/2023,5:37,7:07
3718,1/22/2023,7:09,8:27
3719,1/22/2023,8:37,10:26
3720,1/22/2023,10:27,10:47
3721,1/22/2023,11:07,11:27
3722,1/22/2023,13:32,14:35
3723,1/22/2023,14:41,15:15
3729,1/22/2023,16:03,17:33
3730,1/22/2023,20:26,20:54
3731,1/22/2023,20:56,22:03
3732,1/22/2023,22:05,23:22
3733,1/22/2023,23:27,0:16
3734,1/23/2023,0:21,1:30
3737,1/23/2023,1:59,3:32
3738,1/23/2023,3:12,3:52
3739,1/23/2023,4:21,5:32
3740,1/23/2023,5:34,6:46
3741,1/23/2023,6:52,8:28
3742,1/23/2023,8:30,8:47
3747,1/23/2023,9:44,10:09
3748,1/23/2023,13:51,15:17
3749,1/23/2023,15:19,16:20
3750,1/23/2023,16:28,17:22
3752,1/23/2023,17:27,18:18
3753,1/23/2023,18:21,18:46
3754,1/23/2023,18:48,19:31
3755,1/23/2023,19:36,20:42
3756,1/23/2023,20:43,21:36
3758,1/23/2023,21:41,22:31
3759,1/23/2023,22:37,23:31
3761,1/23/2023,22:36,0:05
3762,1/24/2023,0:09,1:25
3763,1/24/2023,1:29,3:02
3764,1/24/2023,3:04,4:04
3765,1/24/2023,4:07,5:46
3766,1/24/2023,5:47,7:04
3767,1/24/2023,7:05,8:36
3782,1/24/2023,23:04,23:20
3783,1/24/2023,23:22,23:38
3784,1/24/2023,23:40,0:40
3786,1/25/2023,0:53,1:10
3787,1/25/2023,1:15,1:40
3788,1/25/2023,1:41,2:45
3789,1/25/2023,2:47,3:47
3790,1/25/2023,3:49,4:09
3791,1/25/2023,4:11,5:12
3792,1/25/2023,5:15,6:00
3794,1/25/2023,6:08,7:00
3795,1/25/2023,7:08,8:14
3796,1/25/2023,9:50,10:15
3810,1/25/2023,23:52,0:52
3811,1/26/2023,0:56,2:00
3812,1/26/2023,2:03,3:16
3813,1/26/2023,3:24,4:53
3815,1/27/2023,8:41,9:21
3822,1/27/2023,11:13,11:46
3823,1/27/2023,14:27,15:25
3824,1/27/2023,15:27,16:34
3825,1/27/2023,16:38,17:39
3826,1/27/2023,17:40,18:45
3827,1/27/2023,18:46,19:47
3828,1/27/2023,19:49,20:49
3829,1/27/2023,20:53,21:56
3830,1/27/2023,21:57,23:02
3832,1/27/2023,23:10,0:12
3833,1/28/2023,0:14,1:18
3835,1/28/2023,1:40,3:03
3836,1/28/2023,3:04,4:14
3837,1/28/2023,4:15,5:30
3838,1/28/2023,5:35,7:00
3839,1/28/2023,7:02,8:08
3840,1/28/2023,8:11,9:11
3841,1/28/2023,9:11,10:03
3842,1/28/2023,11:00,12:00
3843,1/28/2023,12:04,13:07
3844,1/28/2023,13:12,14:08
3846,1/28/2023,15:03,16:12
3847,1/28/2023,16:15,17:50
3848,1/28/2023,17:20,18:09
3849,1/28/2023,18:25,19:28
3850,1/28/2023,19:29,20:32
3851,1/28/2023,20:35,21:58
3852,1/28/2023,22:09,23:06
3853,1/28/2023,23:07,23:57
3854,1/28/2023,23:59,1:00
3855,1/29/2023,1:02,2:00
3856,1/29/2023,3:14,4:19
3857,1/29/2023,4:23,4:49
3858,1/29/2023,6:11,7:12
3859,1/29/2023,7:14,8:21
3860,1/29/2023,8:25,9:47
3861,1/29/2023,10:09,11:12
3864,1/29/2023,20:32,21:27
3866,1/29/2023,23:44,0:49
3868,1/30/2023,1:53,2:56
3869,1/30/2023,2:58,4:14
3878,1/31/2023,12:00,13:03
3880,1/31/2023,13:45,14:45
3881,1/31/2023,14:47,15:37
3882,1/31/2023,15:58,17:08
3883,1/31/2023,17:11,18:33
3884,1/31/2023,18:35,19:30
3885,1/31/2023,19:35,20:35
3867,2/1/2023,2:08,3:10
3889,2/1/2023,4:12,5:09
3890,2/1/2023,5:11,6:31
3923,2/2/2023,13:46,14:45
3924,2/2/2023,14:47,16:27
3926,2/2/2023,19:23,21:27
3927,2/2/2023,21:55,23:31
3928,2/2/2023,23:36,0:26
3929,2/3/2023,0:32,1:35
3930,2/3/2023,1:39,2:46
3931,2/3/2023,2:51,3:54
3932,2/3/2023,4:00,5:03
3933,2/3/2023,5:06,6:01
3934,2/3/2023,6:04,7:04
3935,2/3/2023,7:06,7:48
3936,2/3/2023,7:53,8:57
3937,2/3/2023,8:59,10:01
3938,2/3/2023,10:04,10:27
3939,2/3/2023,10:47,11:50
3940,2/3/2023,11:58,1:09
3941,2/3/2023,13:16,14:17
3942,2/3/2023,14:19,15:18
3944,2/3/2023,15:40,16:15
3945,2/3/2023,16:54,17:18
3946,2/3/2023,17:20,18:27
3947,2/3/2023,18:28,19:32
3948,2/3/2023,19:37,20:43
3951,2/3/2023,21:32,21:37
3952,2/3/2023,21:38,22:34
3954,2/3/2023,22:39,23:30
3955,2/3/2023,23:33,0:34
3956,2/4/2023,0:36,1:36
3957,2/4/2023,1:38,2:38
3958,2/4/2023,2:40,3:40
3959,2/4/2023,3:47,4:47
3960,2/4/2023,4:51,5:51
3961,2/4/2023,5:54,6:54
3962,2/4/2023,6:56,7:33
3963,2/4/2023,7:44,9:04
3964,2/4/2023,9:08,10:07
3965,2/4/2023,10:12,10:40
3966,2/4/2023,10:43,11:43
3967,2/4/2023,12:03,13:23
3968,2/4/2023,13:27,14:52
3970,2/4/2023,16:41,17:45
3972,2/4/2023,18:25,19:34
3973,2/4/2023,19:41,20:43
3974,2/4/2023,20:44,21:50
3975,2/4/2023,21:54,23:01
3976,2/4/2023,23:02,23:30
3977,2/4/2023,23:52,1:21
3978,2/5/2023,1:23,2:10
3980,2/5/2023,4:20,5:10
3981,2/5/2023,5:10,5:35
3983,2/5/2023,5:59,7:00
3985,2/5/2023,8:57,9:57
3986,2/5/2023,10:01,12:11
3996,2/6/2023,1:24,2:47
3998,2/6/2023,8:11,8:27
4023,2/9/2023,13:29,13:44
4024,2/9/2023,13:48,14:06
4025,2/9/2023,14:29,15:16
4027,2/9/2023,15:30,16:12
4028,2/9/2023,16:14,17:17
4029,2/9/2023,17:21,18:22
4030,2/9/2023,18:24,19:00
4031,2/9/2023,19:07,20:09
4032,2/9/2023,20:10,21:22
4034,2/9/2023,22:10,22:47
4035,2/9/2023,23:24,0:46
4036,2/10/2023,0:47,1:31
4037,2/10/2023,1:37,3:00
4038,2/10/2023,3:02,3:35
4043,2/10/2023,4:34,5:45
4044,2/10/2023,5:46,6:46
4046,2/10/2023,7:02,8:21
4048,2/10/2023,13:23,13:37
4051,2/10/2023,11:31,14:56
4052,2/10/2023,14:59,15:56
4053,2/10/2023,16:02,17:05
4054,2/10/2023,17:13,18:14
4055,2/10/2023,18:39,18:59
4056,2/10/2023,19:17,19:50
4057,2/10/2023,19:58,19:59
4058,2/10/2023,21:02,22:00
4059,2/10/2023,22:07,23:08
4060,2/10/2023,23:10,0:08
4061,2/11/2023,0:10,0:40
4062,2/11/2023,1:04,2:04
4063,2/11/2023,2:07,3:08
4064,2/11/2023,3:10,4:19
4065,2/11/2023,4:31,5:19
4066,2/11/2023,5:22,6:03
4067,2/11/2023,6:07,6:29
4068,2/11/2023,6:31,7:42
4069,2/11/2023,7:45,8:17
4070,2/11/2023,8:20,8:28
4071,2/11/2023,8:39,9:34
4072,2/11/2023,10:01,11:54
4073,2/11/2023,11:56,12:26
4074,2/11/2023,12:30,14:22
4075,2/11/2023,14:29,15:15
4076,2/11/2023,16:11,17:12
4077,2/11/2023,17:15,18:32
4078,2/11/2023,18:36,19:38
4079,2/11/2023,19:42,20:34
4080,2/11/2023,20:36,21:28
4081,2/11/2023,21:30,22:00
4082,2/11/2023,22:11,23:26
4083,2/11/2023,23:28,0:17
4084,2/12/2023,0:19,2:24
4085,2/12/2023,2:29,3:51
4086,2/12/2023,3:53,5:30
4087,2/12/2023,5:32,6:25
4088,2/12/2023,6:30,7:53
4089,2/12/2023,7:55,9:02
4091,2/12/2023,11:18,12:30
4092,2/12/2023,12:32,13:40
4093,2/12/2023,13:42,14:40
4094,2/12/2023,14:46,16:00
4095,2/12/2023,16:02,16:58
4096,2/12/2023,17:02,17:57
4097,2/12/2023,17:59,18:58
4098,2/12/2023,19:03,19:46
4099,2/12/2023,19:48,20:52
4100,2/12/2023,20:53,22:33
4101,2/12/2023,22:37,23:37
4102,2/12/2023,23:40,1:31
4103,2/13/2023,1:33,2:27
4104,2/13/2023,2:32,4:05
4105,2/13/2023,4:09,5:35
4106,2/13/2023,5:37,6:09
4107,2/13/2023,6:12,7:05
4114,2/13/2023,23:42,0:43
4115,2/14/2023,0:46,1:47
4116,2/14/2023,1:48,2:08
4117,2/14/2023,2:10,3:27
4118,2/14/2023,3:31,4:32
4119,2/14/2023,4:34,5:33
4120,2/14/2023,5:53,7:30
4121,2/14/2023,7:36,8:43
4122,2/14/2023,9:02,9:28
4155,2/15/2023,1:37,2:22
4156,2/15/2023,2:40,3:41
4159,2/15/2023,4:05,5:07
4160,2/15/2023,5:25,6:25
4164,2/15/2023,7:00,7:51
4165,2/15/2023,7:54,8:57
4167,2/15/2023,9:11,10:05
4168,2/15/2023,10:14,11:01
4169,2/15/2023,11:07,11:58
4170,2/15/2023,12:02,13:02
4171,2/15/2023,13:06,14:00
4172,2/15/2023,14:04,14:40
4173,2/15/2023,14:52,15:51
4174,2/15/2023,15:55,16:58
4175,2/15/2023,17:04,18:04
4176,2/15/2023,18:06,19:08
4178,2/15/2023,19:22,20:02
4179,2/15/2023,20:31,21:39
4180,2/15/2023,21:40,22:46
4181,2/15/2023,22:48,23:46
4182,2/15/2023,23:50,0:51
4183,2/16/2023,0:55,1:06
4186,2/16/2023,1:50,2:50
4187,2/16/2023,2:52,3:50
4188,2/16/2023,3:52,4:47
4189,2/16/2023,4:51,5:25
4190,2/16/2023,5:32,6:31
4192,2/16/2023,18:08,18:19
4194,2/16/2023,20:05,21:06
4195,2/16/2023,21:09,21:47
4196,2/16/2023,21:49,22:53
4197,2/16/2023,22:58,0:05
4198,2/17/2023,0:08,1:55
4199,2/17/2023,1:57,3:09
4200,2/17/2023,3:17,4:33
4201,2/17/2023,4:37,6:22
4202,2/17/2023,6:24,7:10
4203,2/17/2023,7:21,9:15
4204,2/17/2023,9:18,10:06
4214,2/17/2023,11:10,12:09
4215,2/17/2023,12:22,12:54
4216,2/17/2023,13:01,13:55
4217,2/17/2023,13:59,14:47
4218,2/17/2023,15:41,15:58
4219,2/17/2023,16:11,17:09
4220,2/17/2023,17:28,18:28
4223,2/17/2023,21:04,22:03
4224,2/17/2023,22:21,23:06
4230,2/18/2023,0:31,0:51
4231,2/18/2023,0:54,2:30
4233,2/18/2023,3:10,4:33
4234,2/18/2023,4:34,5:37
4236,2/18/2023,5:49,6:45
4251,2/18/2023,23:52,1:41
4252,2/19/2023,1:45,2:57
4253,2/19/2023,3:00,3:47
4254,2/19/2023,3:53,5:37
4256,2/19/2023,6:22,7:47
4257,2/19/2023,7:51,8:53
4258,2/19/2023,8:57,9:45
4260,2/19/2023,10:51,11:46
4261,2/19/2023,12:15,12:59
4262,2/19/2023,13:01,13:30
4263,2/19/2023,13:43,14:51
4264,2/19/2023,14:52,15:17
4265,2/19/2023,15:28,17:54
4266,2/19/2023,17:58,18:53
4273,2/20/2023,6:33,6:59
4274,2/20/2023,7:55,9:03
4275,2/20/2023,9:11,10:47
4284,2/21/2023,3:03,3:35
4285,2/21/2023,3:57,4:57
4286,2/21/2023,4:58,5:57
4287,2/21/2023,6:01,6:44
4288,2/21/2023,6:46,7:16
4289,2/21/2023,7:32,8:30
4290,2/21/2023,8:34,9:31
4292,2/21/2023,10:16,11:06
4293,2/21/2023,13:37,14:11
4294,2/21/2023,15:54,16:27
4297,2/22/2023,2:15,3:15
4298,2/22/2023,3:17,4:01
4299,2/22/2023,4:13,5:20
4300,2/22/2023,5:22,6:08
4302,2/22/2023,14:03,17:30
4303,2/22/2023,18:36,19:46
4304,2/22/2023,19:48,20:59
4305,2/22/2023,21:01,22:01
4307,2/22/2023,22:47,23:47
4308,2/22/2023,23:49,1:03
4309,2/23/2023,1:17,1:25
4310,2/23/2023,1:27,2:25
4311,2/23/2023,2:39,3:18
4315,2/23/2023,5:13,6:17
4316,2/23/2023,6:18,6:38
4320,2/23/2023,18:16,19:17
4321,2/23/2023,19:18,20:00
4322,2/23/2023,20:02,21:02
4323,2/23/2023,21:05,22:00
4324,2/23/2023,22:07,22:46
4325,2/23/2023,22:52,23:20
4328,2/23/2023,23:47,0:54
4329,2/24/2023,1:08,2:17
4330,2/24/2023,2:19,3:24
4331,2/24/2023,3:27,4:23
4332,2/24/2023,4:29,5:28
4333,2/24/2023,5:29,6:40
4334,2/24/2023,6:43,7:48
4335,2/24/2023,7:49,8:36
4339,2/25/2023,9:33,9:58
4341,2/25/2023,10:05,10:57
4343,2/25/2023,11:28,12:30
4344,2/25/2023,12:34,13:38
4345,2/25/2023,13:40,14:42
4346,2/25/2023,14:45,15:15
4347,2/25/2023,15:25,16:21
4354,2/25/2023,17:31,18:34
4355,2/25/2023,18:39,19:51
4356,2/25/2023,19:55,21:23
4357,2/25/2023,21:25,22:51
4359,2/25/2023,23:02,23:59
4360,2/26/2023,0:06,1:11
4361,2/26/2023,1:13,2:21
4362,2/26/2023,2:23,3:54
4363,2/26/2023,3:58,5:02
4364,2/26/2023,5:04,6:07
4365,2/26/2023,6:09,7:15
4367,2/26/2023,7:22,7:48
4368,2/26/2023,7:52,8:51
4370,2/26/2023,9:18,10:22
4371,2/26/2023,10:28,11:38
4372,2/26/2023,11:44,12:44
4374,2/26/2023,15:26,16:23
4375,2/26/2023,16:41,17:19
4376,2/26/2023,17:25,18:27
4377,2/26/2023,18:31,19:28
4378,2/26/2023,19:38,20:43
4379,2/26/2023,20:47,21:46
4470,3/8/2023,20:37,21:03
4471,3/8/2023,21:04,21:28
4474,3/9/2023,2:06,3:09
4475,3/9/2023,3:10,3:45
4476,3/9/2023,3:55,4:23
4478,3/9/2023,4:31,5:01
4479,3/9/2023,5:04,6:00
4482,3/9/2023,6:27,7:02
4483,3/9/2023,7:09,7:30
4485,3/9/2023,8:18,9:11
4486,3/9/2023,9:14,9:44
4487,3/9/2023,9:51,10:14
4488,3/9/2023,10:19,10:42
4490,3/9/2023,11:04,12:05
4491,3/9/2023,12:13,13:14
4492,3/9/2023,13:18,14:15
4493,3/9/2023,14:19,15:20
4494,3/9/2023,15:28,16:28
4495,3/9/2023,16:34,17:34
4497,3/9/2023,17:50,18:50
4498,3/9/2023,18:52,19:48
4503,3/9/2023,20:29,21:30
4507,3/9/2023,21:49,23:02
4510,3/9/2023,23:13,23:41
4512,3/9/2023,23:53,1:01
4514,3/10/2023,1:55,2:58
4522,3/10/2023,4:13,5:20
4523,3/10/2023,5:21,6:33
4524,3/10/2023,6:35,7:40
4526,3/10/2023,8:17,10:04
4540,3/10/2023,13:28,14:09
4543,3/10/2023,14:41,15:13
4547,3/10/2023,23:13,1:58
4549,3/10/2023,2:32,4:03
4552,3/10/2023,4:25,6:10
4554,3/10/2023,6:51,7:30
4555,3/10/2023,7:34,8:00
4556,3/11/2023,8:17,10:17
4557,3/11/2023,10:23,11:40
4559,3/11/2023,13:24,14:25
4560,3/11/2023,14:29,15:42
4562,3/11/2023,16:42,17:56
4569,3/11/2023,18:44,20:44
4570,3/11/2023,20:45,22:28
4571,3/11/2023,22:42,0:27
4572,3/12/2023,0:30,3:37
4573,3/12/2023,3:39,4:52
4574,3/12/2023,4:54,6:40
4575,3/12/2023,6:42,7:34
4576,3/12/2023,7:40,9:39
4577,3/12/2023,9:41,11:39
4578,3/12/2023,11:52,12:03
4579,3/12/2023,12:06,13:49
4580,3/12/2023,14:02,15:57
4581,3/12/2023,16:03,18:06
4582,3/12/2023,18:10,20:15
4583,3/12/2023,20:24,22:17
4584,3/12/2023,22:25,22:43
4585,3/13/2023,0:27,1:29
4586,3/13/2023,1:30,2:58
4587,3/13/2023,3:00,3:57
5044,9/16/2023,3:45,4:02
5045,9/16/2023,4:15,4:35
5046,9/16/2023,4:38,5:14
5047,9/16/2023,5:31,6:31
5048,9/16/2023,6:36,8:36
5049,9/16/2023,8:44,8:57
5053,9/16/2023,10:08,10:54
5054,9/16/2023,10:57,11:29
5086,9/16/2023,18:21,18:47
5090,9/16/2023,19:02,20:25
5091,9/16/2023,20:25,22:33
5093,9/16/2023,22:43,0:33
5094,9/17/2023,0:34,1:23
5095,9/17/2023,1:28,3:32
5096,9/17/2023,3:40,3:44
5099,9/17/2023,3:59,4:40
5100,9/17/2023,4:41,5:23
5101,9/17/0223,5:30,5:56
5102,9/17/0223,6:05,7:02
5103,9/17/0223,7:06,8:20
5104,9/17/2023,8:22,9:23
5105,9/17/2023,9:29,9:51
5106,9/17/2023,9:57,10:30
5107,9/17/2023,11:07,12:27
5108,9/17/2023,12:30,14:16
5109,9/17/2023,14:19,14:30
5110,9/17/2023,14:43,15:54
5112,9/17/2023,16:02,17:01
5113,9/17/2023,17:26,18:48
5114,9/17/2023,18:49,20:05
5115,9/17/2023,20:12,21:25
5116,9/17/2023,21:26,22:44
5120,9/17/2023,23:58,0:10
5121,9/18/2023,0:24,1:54
5122,9/18/2023,2:03,3:01
5124,9/18/2023,3:09,4:15
5126,9/18/2023,4:22,5:24
5127,9/18/2023,5:32,6:50
5129,9/18/2023,6:59,
5135,9/18/2023,7:56,8:28
5140,9/18/2023,13:06,13:33
5142,9/18/2023,13:48,14:04
5143,9/18/2023,14:06,14:52
5145,9/18/2023,16:07,17:33
5146,9/18/2023,17:36,18:36
5147,9/18/2023,22:12,23:13
5148,9/18/2023,23:16,0:14
5152,9/19/2019,1:05,2:29
5153,9/19/2019,2:30,4:03
5154,9/19/2019,4:07,5:47
5155,9/19/2019,5:49,6:05
5156,9/19/2019,6:05,7:09
5164,9/19/2023,9:51,11:16
5165,9/19/2023,11:23,12:20
5167,9/19/2023,12:29,13:29
5176,9/19/2023,15:29,16:55
5183,9/19/2023,17:39,18:55
5185,9/19/2023,19:06,20:31
5186,9/19/2023,20:34,22:09
5187,9/19/2023,22:14,22:27
5188,9/19/2023,22:36,22:57
5301,9/21/2023,6:59,8:02
5302,9/21/2023,8:03,8:58
5303,9/21/2023,9:45,10:30
5315,9/21/2023,11:53,12:53
5316,9/21/2023,12:56,13:41
5317,9/21/2023,13:47,14:15
5318,9/21/2023,14:24,15:27
5320,9/21/2023,15:35,16:43
5321,9/21/2023,16:53,17:33
5322,9/21/2023,17:48,18:48
5323,9/21/2023,18:52,19:58
5324,9/21/2023,20:00,21:01
5364,9/25/2023,6:44,7:35
5378,9/25/2023,19:57,20:56
5379,9/25/2023,20:57,21:50
5380,9/25/2023,22:04,23:16
5385,9/25/2023,23:52,0:10
5386,9/25/2023,0:45,1:37
5387,9/25/2023,1:45,2:18
5388,9/25/2023,2:42,3:18
5406,9/27/2023,2:00,3:03
5407,9/27/2023,3:10,3:26
5408,9/27/2023,3:29,4:28
5409,9/27/2023,4:30,5:30
5411,9/27/2023,5:43,6:03
5412,9/27/2023,6:28,7:13
5414,9/27/2023,7:30,8:10
5416,9/27/2023,8:16,9:02
5437,9/30/2023,13:04,13:09
5438,9/30/2023,13:23,14:23
5445,9/30/2023,23:02,23:17
5446,9/30/2023,23:20,9:21
5448,9/30/2023,23:46,0:39
5449,10/1/2023,0:49,1:50
5453,10/1/2023,3:08,4:08
5454,10/1/2023,4:10,4:49
5455,10/1/2023,4:55,5:08
5456,10/1/2023,5:19,5:32
5457,10/1/2023,5:38,6:22
5458,10/1/2023,7:07,8:24
5459,10/1/2023,8:31,8:44
5460,10/1/2023,8:51,9:35
5461,10/1/2023,9:38,10:17
5462,10/1/2023,10:20,11:22
5463,10/1/2023,11:29,12:27
5464,10/1/2023,12:29,13:23
5465,10/1/2023,13:25,13:47
5466,10/1/2023,14:03,14:53
5467,10/1/2023,14:57,15:36
5468,10/1/2023,15:42,17:00
5469,10/1/2023,17:04,18:39
5470,10/1/2023,18:41,19:57
5471,10/1/2023,20:01,20:55
5472,10/1/2023,20:58,22:33
5476,10/1/2023,22:53,0:02
5477,10/2/2023,0:06,1:06
5478,10/2/2023,1:08,1:32
5479,10/2/2023,2:03,2:20
5480,10/2/2023,2:22,3:22
5481,10/2/2023,3:23,4:22
5482,10/2/2023,4:24,4:36
5483,10/2/2023,5:05,6:08
5484,10/2/2023,6:10,7:10
5485,10/2/2023,7:11,7:50
5486,10/2/2023,7:58,8:42
5494,10/2/2023,23:50,0:50
5495,10/3/2023,0:54,1:53
5496,10/3/2023,1:57,2:33
5497,10/3/2023,2:38,2:50
5499,10/3/2023,2:58,3:10
5501,10/3/2023,3:45,4:14
5502,10/3/2023,4:28,5:29
5503,10/3/2023,5:36,6:36
5504,10/3/2023,6:38,7:38
5505,10/3/2023,7:40,8:31
5506,10/3/2023,8:55,10:02
5507,10/3/2023,10:06,11:45
5508,10/3/2023,12:01,13:23
5511,10/3/2023,14:18,15:28
5512,10/3/2023,15:30,16:51
5513,10/3/2023,19:04,20:55
5514,10/3/2023,20:58,21:57
5515,10/3/2023,22:05,23:10
5517,10/3/2023,23:27,23:54
5518,10/4/2023,0:20,1:10
5519,10/4/2023,1:14,2:08
5523,10/4/2023,5:27,6:40
5524,10/4/2023,6:44,7:44
5525,10/4/2023,7:45,8:44
5526,10/4/2023,8:46,9:40
5527,10/4/2023,9:59,11:00
5529,10/4/2023,11:22,12:21
5531,10/4/2023,12:55,13:55
5532,10/4/2023,14:03,14:26
5533,10/4/2023,14:28,14:41
5537,10/4/2023,22:08,23:04
5538,10/4/2023,23:07,0:15
5539,10/5/2023,0:20,1:23
5541,10/5/2023,1:35,2:35
5543,10/5/2023,2:45,3:30
5544,10/5/2023,3:36,4:36
5545,10/5/2023,4:38,5:03
5548,10/5/2023,6:03,7:03
5549,10/5/2032,7:05,7:12
5550,10/5/2023,7:20,8:02
5571,10/5/2023,22:52,23:18
5572,10/5/2023,23:22,0:22
5573,10/6/2023,0:34,1:29
5574,10/6/2023,2:04,3:04
5575,10/6/2023,3:07,3:50
5576,10/6/2023,3:54,4:54
5577,10/6/2023,4:55,5:55
5578,10/6/2023,5:56,6:51
5579,10/6/2023,6:57,7:58
5580,10/6/2023,8:00,8:34
5581,10/6/2023,9:02,9:15
5582,10/6/2023,9:27,9:57
5583,10/6/2023,12:46,13:04
5584,10/6/2023,13:19,14:19
5586,10/6/2023,14:58,16:10
5589,10/6/2023,18:18,18:42
5592,10/6/2023,19:04,19:45
5593,10/6/2023,19:51,20:21
5596,10/6/2023,20:38,21:31
5597,10/6/2023,21:24,22:09
5598,10/6/2023,22:23,23:21
5599,10/6/2023,23:22,0:22
5600,10/7/2023,0:31,1:43
5601,10/7/2023,1:46,2:07
5602,10/7/2023,2:11,3:12
5603,10/7/2023,3:27,4:12
5604,10/7/2023,4:19,5:16
5605,10/7/2023,7:59,8:31
5606,10/7/2023,8:40,9:34
5608,10/7/2023,9:44,10:50
5609,10/7/2023,11:01,12:01
5611,10/7/2023,12:04,13:02
5612,10/7/2023,13:07,14:10
5613,10/7/2023,14:12,14:49
5614,10/7/2023,14:52,16:02
5615,10/7/2023,16:11,16:24
5616,10/7/2023,16:30,17:32
5617,10/7/2023,17:33,18:00
5619,10/7/2023,18:28,19:24
5620,10/7/2023,20:27,21:28
5621,10/7/2023,21:30,22:31
5622,10/7/2023,22:39,23:00
5623,10/8/2023,8:11,9:10
5624,10/8/2023,9:13,9:47
5625,10/8/2023,9:57,11:17
5626,10/8/2023,11:26,12:51
5627,10/8/2023,12:51,13:04
5628,10/8/2023,13:08,13:47
5629,10/8/2023,13:55,14:33
5630,10/8/2023,14:37,16:01
5632,10/8/2023,16:10,17:13
5633,10/8/2023,17:20,18:22
5634,10/8/2023,18:23,19:32
5654,10/13/2023,1:11,2:14
5655,10/13/2023,3:23,4:40
5659,10/13/2023,6:25,7:21
5660,10/13/2023,7:35,8:03
5661,10/13/2023,8:47,9:52
5663,10/13/2023,9:59,11:10
5664,10/13/2023,11:23,12:00
5665,10/13/2023,12:07,13:03
5666,10/13/2023,13:44,14:00
5667,10/13/2023,10:33,15:48
5670,10/13/2023,16:16,16:51
5671,10/13/2023,18:09,19:04
5672,10/13/2023,19:09,20:07
5673,10/13/2023,20:11,21:02
5674,10/13/2023,21:04,22:05
5675,10/13/2023,22:10,22:25
5676,10/13/2023,22:27,23:22
5678,10/13/2023,23:28,0:31
5679,10/14/2023,0:34,1:33
5683,10/14/2023,2:22,3:00
5685,10/14/2023,3:17,4:15
5686,10/14/2023,4:51,5:11
5688,10/14/2023,5:22,5:33
5690,10/14/2023,6:12,7:11
5691,10/14/2023,7:24,8:22
5692,10/14/2023,8:25,9:15
5693,10/14/2023,9:20,10:11
5694,10/14/2023,10:13,10:43
5696,10/14/2023,11:10,12:11
5697,10/14/2023,12:15,4:04
5698,10/14/2023,13:25,14:32
5699,10/14/2023,14:50,15:19
5700,10/14/2023,16:32,16:56
5702,10/14/2023,18:09,19:01
5703,10/14/2023,20:24,20:48
5704,10/14/2023,21:52,22:55
5705,10/15/2023,4:21,5:24
5706,10/15/2023,5:40,6:41
5707,10/15/2023,6:43,7:46
5708,10/15/2023,7:50,8:34
5709,10/15/2023,8:49,9:50
5710,10/15/2023,9:54,11:10
5711,10/15/2023,11:30,12:15
5712,10/15/2023,17:04,18:02
5713,10/15/2023,19:19,20:21
5714,10/15/2023,20:22,21:37
5715,10/15/2023,21:41,21:46
5717,10/15/2023,22:07,23:07
5718,10/15/2023,23:10,0:07
5721,10/16/2023,0:29,0:57
5722,10/16/2023,2:35,3:39
5723,10/16/2023,3:44,4:43
5724,10/16/2023,4:55,5:59
5725,10/16/2023,6:05,7:06
5726,10/16/2023,7:09,7:45
5727,10/16/2023,7:56,8:56
5728,10/16/2023,8:59,9:32
5730,10/16/2023,9:48,10:41
5732,10/16/2023,11:07,12:09
5733,10/16/2023,12:11,13:01
5734,10/16/2023,13:04,14:07
5735,10/16/2023,14:10,14:36
5736,10/16/2023,14:59,15:31
5737,10/16/2023,15:35,15:44
5739,10/16/2023,17:30,18:27
5740,10/16/2023,18:32,19:35
5741,10/16/2023,19:36,20:40
5742,10/16/2023,20:47,21:06
5743,10/16/2023,21:08,22:12
5744,10/16/2023,22:15,23:20
5745,10/16/2023,23:27,1:07
5748,10/17/2023,1:20,2:21
5751,10/17/2023,2:33,2:45
5752,10/17/2023,3:21,4:55
5753,10/17/2023,5:01,5:13
5754,10/17/2023,5:17,5:28
5755,10/17/2023,5:30,5:47
5756,10/17/2023,5:55,7:38
5757,10/17/2023,7:41,7:50
5761,10/17/2023,8:48,9:52
5762,10/17/2023,9:54,10:54
5763,10/17/2023,11:01,12:06
5764,10/17/2023,12:09,13:08
5765,10/17/2023,13:09,14:05
5768,10/17/2023,14:25,15:29
5770,10/17/2023,15:47,17:05
5771,10/17/2023,17:12,17:27
5773,10/17/2023,17:51,19:42
5778,10/17/2023,20:58,23:14
5779,10/17/2023,20:58,23:14
5781,10/18/2023,1:02,2:00
5783,10/18/2023,2:31,3:40
5784,10/18/2023,3:52,5:05
5785,10/18/2023,5:11,7:25
5805,10/19/2023,17:42,18:46
5806,10/19/2023,18:48,18:54
5807,10/19/2023,19:00,19:08
5808,10/19/2023,19:10,19:23
5809,10/19/2023,19:26,20:07
5810,10/19/2023,20:15,20:36
5811,10/19/2023,20:41,20:49
5815,10/20/2023,3:30,4:37
5816,10/20/2023,4:40,5:51
5818,10/20/2023,6:12,7:12
5819,10/20/2023,7:16,8:19
5820,10/20/2023,8:20,9:20
5821,10/20/2023,8:38,8:53
5828,10/20/2023,10:25,11:28
5829,10/20/2023,11:45,12:53
5830,10/20/2023,12:54,13:29
5831,10/20/2023,13:33,14:11
5832,10/20/2023,14:23,14:48
5837,10/20/2023,15:24,16:21
5838,10/20/2023,16:22,16:48
5839,10/20/2023,16:52,17:34
5840,10/20/2023,17:41,19:09
5841,10/20/2023,19:11,20:29
5842,10/20/2023,20:34,20:48
5843,10/20/2023,20:55,21:10
5844,10/20/2023,21:12,21:38
5852,10/20/2023,23:10,23:35
5854,10/20/2023,23:44,0:19
5856,10/21/2023,2:52,3:59
5858,10/21/2023,7:05,8:05
5859,10/21/2023,8:07,9:01
5860,10/21/2023,9:04,10:15
5861,10/21/2023,10:22,11:24
5862,10/21/2023,11:28,12:25
5863,10/21/2023,12:26,13:30
5864,10/21/2023,13:31,14:33
5865,10/21/2023,14:38,15:40
5866,10/21/2023,15:42,16:42
5868,10/21/2023,16:49,17:41
5869,10/21/2023,17:53,18:49
5870,10/21/2023,18:52,19:54
5871,10/21/2023,19:59,20:53
5872,10/21/2023,20:59,20:42
5873,10/21/2023,21:46,22:43
5874,10/21/2023,22:45,23:02
5875,10/21/2023,23:04,23:56
5877,10/22/2023,0:12,1:26
5879,10/22/2023,1:48,2:09
5880,10/22/2023,2:22,3:22
5881,10/22/2023,3:40,4:20
5882,10/22/2023,4:36,5:42
5883,10/22/2023,5:45,6:30
5884,10/22/2023,6:38,7:44
5885,10/22/2023,7:46,8:46
5886,10/22/2023,8:50,9:50
5887,10/22/2023,10:06,11:10
5888,10/22/2023,11:11,12:21
5889,10/22/2023,12:22,13:23
5890,10/22/2023,10:04,12:14
5891,10/22/2023,14:54,15:51
5892,10/22/2023,15:53,16:49
5893,10/22/2023,17:07,18:23
5894,10/22/2023,18:26,19:38
5895,10/22/2023,19:40,21:04
5896,10/22/2023,21:06,22:08
5897,10/22/2023,23:40,0:09
5898,10/23/2023,0:42,1:50
5899,10/23/2023,1:52,3:14
5900,10/23/2023,3:16,3:28
5901,10/23/2023,4:55,6:09
5902,10/23/2023,6:11,6:42
5903,10/23/2023,6:50,7:27
5904,10/23/2023,7:29,8:24
5912,10/23/2023,16:15,17:00
5913,10/23/2023,17:09,17:16
5914,10/23/2023,17:35,18:39
5915,10/23/2023,19:09,20:20
5916,10/23/2023,20:20,20:25
5917,10/23/2023,20:26,21:02
5918,10/23/2023,21:06,22:02
5919,10/23/2023,22:03,23:45
5923,10/24/2023,1:56,2:57
5924,10/24/2023,3:05,3:22
5925,10/24/2023,3:24,4:21
5926,10/24/2023,4:22,5:25
5927,10/24/2023,5:27,6:10
5931,10/24/2023,7:35,8:53
5932,10/24/2023,9:04,9:24
5933,10/24/2023,9:55,11:12
5934,10/24/2023,11:16,12:17
5935,10/24/2023,12:20,13:04
5936,10/24/2023,15:02,16:11
5937,10/24/2023,16:11,17:16
5938,10/24/2023,17:26,18:20
5939,10/24/2023,18:23,18:40
5941,10/24/2023,19:00,20:00
5942,10/24/2023,20:06,21:07
5943,10/24/2023,21:08,22:09
5944,10/24/2023,22:11,23:12
5945,10/24/2023,23:16,0:10
5947,10/25/2023,0:34,1:30
5948,10/25/2023,1:34,2:30
5949,10/25/2023,2:37,3:09
5950,10/25/2023,3:12,3:48
5951,10/25/2023,3:58,5:13
5952,10/25/2023,5:18,6:03
5965,10/26/2023,4:59,5:54
5966,10/26/2023,6:08,7:10
5967,10/26/2023,7:14,7:51
5968,10/26/2023,7:55,8:57
5971,10/26/2023,9:29,9:43
5974,10/26/2023,9:59,11:02
5975,10/26/2023,11:08,12:09
5976,10/26/2023,12:11,13:16
5979,10/26/2023,13:42,13:47
5980,10/26/2023,13:52,14:10
5981,10/26/2023,14:20,14:23
5985,10/26/2023,15:24,16:37
5986,10/26/2023,16:37,17:42
5987,10/26/2023,17:48,18:47
5988,10/26/2023,18:51,19:55
5989,10/26/2023,19:57,20:31
5990,10/26/2023,20:36,21:46
5991,10/26/2023,21:48,22:43
5994,10/26/2023,23:10,0:09
5995,10/27/2023,0:12,0:35
5996,10/27/2023,0:39,1:45
5997,10/27/2023,1:50,3:13
5998,10/27/2023,3:20,4:26
5999,10/27/2023,4:32,5:35
6001,10/27/2023,5:55,6:55
6002,10/27/2023,7:10,7:15
6003,10/27/2023,7:21,8:25
6004,10/27/2023,8:29,9:31
6005,10/27/2023,9:34,10:34
6006,10/27/2023,10:38,11:34
6007,10/27/2023,11:43,12:23
6008,10/27/2023,12:32,13:35
6009,10/27/2023,13:37,14:19
6010,10/27/2023,14:33,15:30
6012,10/27/2023,16:04,16:53
6013,10/27/2023,16:58,17:57
6014,10/27/2023,18:00,19:04
6016,10/27/2023,19:25,20:40
6017,10/27/2023,20:42,21:58
6018,10/27/2023,22:00,22:48
6019,10/27/2023,22:53,0:05
6020,10/28/2023,0:10,1:30
6024,10/28/2023,2:07,3:00
6025,10/28/2023,3:03,4:27
6026,10/28/2023,4:31,5:46
6027,10/28/2023,5:50,7:02
6028,10/28/2023,7:05,8:19
6029,10/28/2023,8:21,9:32
6030,10/28/2023,9:34,10:11
6031,10/28/2023,10:48,11:18
6032,10/28/2023,11:26,11:45
6033,10/28/2023,11:51,12:45
6034,10/28/2023,13:15,14:03
6035,10/28/2023,14:11,15:10
6036,10/28/2023,15:15,16:20
6037,10/28/2023,16:22,17:18
6038,10/28/2023,17:20,18:18
6039,10/28/2023,18:20,19:13
6040,10/28/2023,19:17,20:19
6041,10/28/2023,20:21,21:23
6042,10/28/2023,21:25,22:35
6043,10/28/2023,22:36,23:32
6044,10/28/2023,23:37,0:44
6048,10/29/2023,1:38,2:38
6050,10/29/2023,2:50,3:38
6051,10/29/2023,3:45,4:49
6052,10/29/2023,4:51,5:54
6053,10/29/2023,5:56,6:38
6060,10/29/2023,7:58,9:03
6061,10/29/2023,9:04,10:14
6062,10/29/2023,10:16,11:01
6063,10/29/2023,11:08,12:13
6064,10/29/2023,12:15,13:28
6065,10/29/2023,13:32,14:40
6066,10/29/2023,14:42,15:45
6068,10/29/2023,16:02,16:27
6069,10/29/2023,16:36,17:12
6070,10/29/2023,17:15,18:22
6071,10/29/2023,18:24,19:16
6072,10/29/2023,19:23,20:14
6073,10/29/2023,20:18,21:24
6074,10/29/2023,21:27,22:37
6075,10/29/2023,22:53,23:49
6076,10/29/2023,23:52,0:21
6077,10/30/2023,0:28,1:30
6078,10/30/2023,1:32,2:32
6079,10/30/2023,2:33,2:55
6081,10/30/2023,3:07,4:10
6082,10/30/2023,4:17,5:27
6083,10/30/2023,5:28,6:30
