Run,Start,Finish
2033,2022-10-17 20:00,2022-10-17 20:17
2035,2022-10-17 20:53,2022-10-17 21:02
2036,2022-10-17 21:26,2022-10-17 21:46
2037,2022-10-17 21:58,2022-10-17 22:33
2038,2022-10-17 23:19,2022-10-18 00:48
2039,2022-10-18 01:03,2022-10-18 01:25
2040,2022-10-18 01:41,2022-10-18 02:45
2042,2022-10-18 03:38,2022-10-18 04:17
2045,2022-10-18 04:41,2022-10-18 05:40
2046,2022-10-18 05:51,2022-10-18 06:00
2047,2022-10-18 06:07,2022-10-18 06:53
2053,2022-10-18 07:59,2022-10-18 08:29
2054,2022-10-18 09:13,2022-10-18 09:46
2062,2022-10-18 14:29,2022-10-18 15:38
2080,2022-10-19 03:44,2022-10-19 04:20
2081,2022-10-19 04:23,2022-10-19 04:44
2082,2022-10-19 04:58,2022-10-19 05:17
2083,2022-10-19 05:23,2022-10-19 05:46
2084,2022-10-19 05:51,2022-10-19 06:27
2085,2022-10-19 07:10,2022-10-19 07:26
2125,2022-10-21 03:56,2022-10-21 04:58
2126,2022-10-21 05:01,2022-10-21 05:37
2127,2022-10-21 05:42,2022-10-21 06:16
2128,2022-10-21 06:28,2022-10-21 06:45
2131,2022-10-21 07:05,2022-10-21 07:13
2132,2022-10-21 07:17,2022-10-21 08:14
2133,2022-10-21 08:20,2022-10-21 09:15
2134,2022-10-21 09:27,2022-10-21 10:26
2136,2022-10-21 10:48,2022-10-21 11:44
2137,2022-10-21 12:00,2022-10-21 12:51
2138,2022-10-21 13:04,2022-10-21 13:16
2141,2022-10-21 13:34,2022-10-21 13:49
2143,2022-10-21 14:04,2022-10-21 14:10
2145,2022-10-21 14:25,2022-10-21 15:04
2146,2022-10-21 15:20,2022-10-21 15:42
2149,2022-10-21 16:07,2022-10-21 16:37
2164,2022-10-22 00:56,2022-10-22 01:10
2165,2022-10-22 02:15,2022-10-22 02:36
2168,2022-10-22 02:57,2022-10-22 03:08
2169,2022-10-22 04:37,2022-10-22 04:42
2170,2022-10-22 04:44,2022-10-22 04:59
2171,2022-10-22 06:02,2022-10-22 06:12
2172,2022-10-22 06:48,2022-10-22 07:02
2173,2022-10-22 09:15,2022-10-22 09:47
2174,2022-10-22 10:38,2022-10-22 11:06
2175,2022-10-22 11:45,2022-10-22 11:56
2176,2022-10-22 12:55,2022-10-22 13:11
2199,2022-10-24 07:39,2022-10-24 08:16
2200,2022-10-24 08:45,2022-10-24 09:29
2201,2022-10-24 09:54,2022-10-24 10:12
2203,2022-10-24 10:23,2022-10-24 11:09
2204,2022-10-24 11:26,2022-10-24 12:01
2206,2022-10-24 12:29,2022-10-24 13:26
2208,2022-10-24 13:54,2022-10-24 14:35
2209,2022-10-24 15:30,2022-10-24 16:27
2210,2022-10-24 16:56,2022-10-24 17:34
2211,2022-10-24 18:08,2022-10-24 18:12
2212,2022-10-24 18:18,2022-10-24 18:50
2213,2022-10-24 19:52,2022-10-24 20:33
2214,2022-10-24 21:01,2022-10-24 21:45
2215,2022-10-24 22:15,2022-10-24 22:37
2216,2022-10-24 22:48,2022-10-24 23:26
2217,2022-10-25 00:10,2022-10-25 00:41
2218,2022-10-25 01:15,2022-10-25 01:18
2219,2022-10-25 01:34,2022-10-25 02:18
2220,2022-10-25 03:28,2022-10-25 04:00
2221,2022-10-25 06:27,2022-10-25 07:16
2222,2022-10-25 07:39,2022-10-25 08:20
2223,2022-10-25 08:47,2022-10-25 09:35
2224,2022-10-25 09:49,2022-10-25 10:25
2225,2022-10-25 11:28,2022-10-25 12:21
2226,2022-10-25 12:40,2022-10-25 13:21
2227,2022-10-25 13:57,2022-10-25 14:11
2228,2022-10-25 15:19,2022-10-25 16:05
2229,2022-10-25 17:19,2022-10-25 17:57
2230,2022-10-25 18:54,2022-10-25 19:32
2231,2022-10-25 20:00,2022-10-25 20:42
2232,2022-10-25 21:04,2022-10-25 21:41
2233,2022-10-25 22:10,2022-10-25 22:47
2234,2022-10-25 23:12,2022-10-25 23:47
2235,2022-10-26 00:27,2022-10-26 00:52
2236,2022-10-26 01:09,2022-10-26 01:49
2237,2022-10-26 02:19,2022-10-26 02:50
2238,2022-10-26 03:36,2022-10-26 04:27
2239,2022-10-26 05:01,2022-10-26 05:41
2240,2022-10-26 06:16,2022-10-26 07:08
2241,2022-10-26 07:20,2022-10-26 07:57
2242,2022-10-26 08:22,2022-10-26 08:58
2243,2022-10-26 09:24,2022-10-26 09:49
2244,2022-10-26 10:28,2022-10-26 10:56
2245,2022-10-26 11:29,2022-10-26 12:22
2246,2022-10-26 12:30,2022-10-26 13:01
2247,2022-10-26 13:32,2022-10-26 13:40
2248,2022-10-26 14:32,2022-10-26 15:11
2250,2022-10-26 16:29,2022-10-26 17:07
2251,2022-10-26 17:17,2022-10-26 17:18
2252,2022-10-26 17:28,2022-10-26 18:08
2253,2022-10-26 18:41,2022-10-26 19:23
2254,2022-10-26 21:31,2022-10-26 22:09
2255,2022-10-26 22:31,2022-10-26 23:13
2256,2022-10-26 23:40,2022-10-27 00:10
2257,2022-10-27 00:45,2022-10-27 01:28
2258,2022-10-27 05:12,2022-10-27 05:52
2259,2022-10-27 06:16,2022-10-27 06:55
2260,2022-10-27 07:17,2022-10-27 07:45
2275,2022-10-27 20:09,2022-10-27 20:25
2276,2022-10-27 21:20,2022-10-27 22:45
2302,2022-10-29 01:13,2022-10-29 01:43
2303,2022-10-29 03:19,2022-10-29 04:22
2304,2022-10-29 04:44,2022-10-29 05:33
2305,2022-10-29 08:18,2022-10-29 09:13
2306,2022-10-29 09:55,2022-10-29 10:23
2307,2022-10-29 12:19,2022-10-29 13:23
2309,2022-10-29 13:56,2022-10-29 15:09
2310,2022-10-29 15:16,2022-10-29 15:30
2313,2022-10-29 22:09,2022-10-29 23:13
2314,2022-10-29 23:18,2022-10-30 00:14
2315,2022-10-30 00:22,2022-10-30 01:14
2316,2022-10-30 01:46,2022-10-30 02:38
2318,2022-10-30 03:11,2022-10-30 03:49
2319,2022-10-30 04:12,2022-10-30 05:04
2320,2022-10-30 05:41,2022-10-30 05:52
2321,2022-10-30 06:24,2022-10-30 07:19
2322,2022-10-30 07:28,2022-10-30 08:11
2323,2022-10-30 08:26,2022-10-30 09:10
2506,2022-11-11 09:02,2022-11-11 09:52
2507,2022-11-11 10:10,2022-11-11 11:05
2511,2022-11-11 11:38,2022-11-11 12:12
2512,2022-11-11 12:43,2022-11-11 13:11
2516,2022-11-12 03:15,2022-11-12 03:58
2517,2022-11-12 04:23,2022-11-12 05:09
2518,2022-11-12 05:47,2022-11-12 06:45
2519,2022-11-12 06:57,2022-11-12 07:57
2520,2022-11-12 08:00,2022-11-12 08:44
2521,2022-11-12 09:06,2022-11-12 09:38
2522,2022-11-12 10:17,2022-11-12 11:08
2523,2022-11-12 11:16,2022-11-12 11:25
2524,2022-11-12 11:40,2022-11-12 12:15
2525,2022-11-12 12:56,2022-11-12 13:35
2526,2022-11-12 13:56,2022-11-12 14:32
2527,2022-11-12 14:37,2022-11-12 15:21
2528,2022-11-12 15:56,2022-11-12 16:36
2529,2022-11-12 17:08,2022-11-12 17:40
2531,2022-11-12 18:07,2022-11-12 18:11
2535,2022-11-12 19:11,2022-11-12 19:48
2536,2022-11-12 20:06,2022-11-12 20:17
2537,2022-11-12 20:45,2022-11-12 21:26
2539,2022-11-12 22:15,2022-11-12 22:46
2540,2022-11-12 23:16,2022-11-12 23:45
2541,2022-11-13 00:23,2022-11-13 00:59
2542,2022-11-13 01:25,2022-11-13 02:00
2543,2022-11-13 02:30,2022-11-13 02:59
2544,2022-11-13 03:31,2022-11-13 04:12
2545,2022-11-13 08:37,2022-11-13 09:24
2551,2022-11-13 19:15,2022-11-13 19:39
2552,2022-11-13 20:17,2022-11-13 20:42
2553,2022-11-13 21:06,2022-11-13 21:37
2554,2022-11-13 22:07,2022-11-13 22:35
2555,2022-11-13 23:09,2022-11-13 23:36
2556,2022-11-14 00:15,2022-11-14 00:48
2557,2022-11-14 01:16,2022-11-14 01:47
2558,2022-11-14 02:26,2022-11-14 03:04
2559,2022-11-14 03:32,2022-11-14 03:53
2560,2022-11-14 04:59,2022-11-14 05:30
2561,2022-11-14 06:07,2022-11-14 06:34
2562,2022-11-14 07:08,2022-11-14 07:30
2563,2022-11-14 07:41,2022-11-14 07:50
2564,2022-11-14 08:03,2022-11-14 08:05
2565,2022-11-14 08:14,2022-11-14 08:21
2566,2022-11-14 08:25,2022-11-14 08:35
2568,2022-11-14 08:42,2022-11-14 08:44
2569,2022-11-14 08:54,2022-11-14 09:02
2570,2022-11-14 09:16,2022-11-14 09:20
2571,2022-11-14 09:32,2022-11-14 09:42
2572,2022-11-14 09:53,2022-11-14 10:15
2574,2022-11-14 11:12,2022-11-14 11:39
2575,2022-11-14 12:19,2022-11-14 12:58
2576,2022-11-14 13:34,2022-11-14 14:07
2577,2022-11-14 14:40,2022-11-14 15:17
2578,2022-11-14 15:50,2022-11-14 16:57
2579,2022-11-14 16:59,2022-11-14 17:27
2580,2022-11-14 18:28,2022-11-14 18:58
2581,2022-11-14 19:37,2022-11-14 20:08
2583,2022-11-14 22:22,2022-11-14 22:51
2584,2022-11-14 23:53,2022-11-15 00:51
2585,2022-11-15 01:03,2022-11-15 01:35
2586,2022-11-15 02:28,2022-11-15 02:52
2587,2022-11-15 03:44,2022-11-15 04:33
2613,2022-11-16 09:18,2022-11-16 09:43
2614,2022-11-16 10:23,2022-11-16 10:45
2615,2022-11-16 11:03,2022-11-16 11:32
2616,2022-11-16 12:05,2022-11-16 12:28
2617,2022-11-16 13:06,2022-11-16 13:35
2618,2022-11-16 14:13,2022-11-16 14:37
2619,2022-11-16 15:48,2022-11-16 16:18
2620,2022-11-16 16:58,2022-11-16 17:19
2621,2022-11-16 18:06,2022-11-16 18:39
2622,2022-11-16 19:07,2022-11-16 19:38
2623,2022-11-16 20:11,2022-11-16 20:34
2624,2022-11-16 20:57,2022-11-16 21:23
2625,2022-11-16 21:58,2022-11-16 22:21
2626,2022-11-16 23:06,2022-11-16 23:32
2627,2022-11-17 00:12,2022-11-17 00:36
2628,2022-11-17 01:15,2022-11-17 01:40
2629,2022-11-17 02:03,2022-11-17 02:26
2630,2022-11-17 03:11,2022-11-17 03:17
2631,2022-11-17 03:20,2022-11-17 03:44
2632,2022-11-17 04:30,2022-11-17 04:57
2633,2022-11-17 05:06,2022-11-17 05:32
2634,2022-11-17 06:07,2022-11-17 06:25
2635,2022-11-17 06:43,2022-11-17 07:19
2637,2022-11-18 05:22,2022-11-18 05:52
2638,2022-11-18 06:33,2022-11-18 06:58
2646,2022-11-18 09:03,2022-11-18 09:34
2647,2022-11-18 10:07,2022-11-18 10:30
2648,2022-11-18 11:06,2022-11-18 11:38
2649,2022-11-18 12:05,2022-11-18 12:14
2650,2022-11-18 12:18,2022-11-18 12:45
2651,2022-11-18 13:51,2022-11-18 14:16
2658,2022-11-18 16:00,2022-11-18 16:20
2659,2022-11-18 17:31,2022-11-18 17:58
2660,2022-11-18 18:40,2022-11-18 19:10
2661,2022-11-18 19:53,2022-11-18 20:19
2662,2022-11-18 21:07,2022-11-18 21:30
2667,2022-11-18 22:12,2022-11-18 22:35
2668,2022-11-18 23:16,2022-11-18 23:39
2669,2022-11-19 00:19,2022-11-19 00:45
2670,2022-11-19 01:21,2022-11-19 01:46
2671,2022-11-19 02:28,2022-11-19 02:49
2674,2022-11-19 03:47,2022-11-19 04:09
2676,2022-11-19 05:18,2022-11-19 05:38
2677,2022-11-19 06:23,2022-11-19 06:51
2678,2022-11-19 07:25,2022-11-19 07:27
2679,2022-11-19 07:33,2022-11-19 07:55
2680,2022-11-19 08:28,2022-11-19 08:49
2681,2022-11-19 09:43,2022-11-19 10:04
2683,2022-11-19 11:00,2022-11-19 11:27
2684,2022-11-19 11:37,2022-11-19 12:02
2685,2022-11-19 12:29,2022-11-19 12:53
2687,2022-11-19 13:37,2022-11-19 14:01
2688,2022-11-19 14:41,2022-11-19 15:14
2689,2022-11-19 15:44,2022-11-19 16:10
2690,2022-11-19 16:50,2022-11-19 17:14
2691,2022-11-19 17:43,2022-11-19 18:15
2692,2022-11-19 18:45,2022-11-19 19:07
2693,2022-11-19 19:51,2022-11-19 20:12
2694,2022-11-19 20:40,2022-11-19 21:03
2695,2022-11-19 21:42,2022-11-19 22:08
2696,2022-11-19 22:46,2022-11-19 23:09
2697,2022-11-19 23:33,2022-11-20 00:00
2698,2022-11-20 00:34,2022-11-20 00:56
2699,2022-11-20 01:35,2022-11-20 01:56
2700,2022-11-20 02:38,2022-11-20 02:59
2701,2022-11-20 03:39,2022-11-20 04:05
2702,2022-11-20 04:45,2022-11-20 05:04
2703,2022-11-20 05:46,2022-11-20 06:07
2704,2022-11-20 06:48,2022-11-20 07:14
2705,2022-11-20 07:50,2022-11-20 08:13
2706,2022-11-20 08:50,2022-11-20 09:10
2707,2022-11-20 09:55,2022-11-20 10:16
2709,2022-11-20 11:08,2022-11-20 11:38
2710,2022-11-20 12:01,2022-11-20 12:14
2711,2022-11-20 12:24,2022-11-20 12:52
2712,2022-11-20 13:37,2022-11-20 14:00
2713,2022-11-20 14:46,2022-11-20 15:02
2714,2022-11-20 15:07,2022-11-20 15:31
2715,2022-11-20 16:12,2022-11-20 16:42
2716,2022-11-20 17:12,2022-11-20 17:35
2717,2022-11-20 18:19,2022-11-20 18:45
2718,2022-11-20 19:25,2022-11-20 19:49
2719,2022-11-20 20:30,2022-11-20 20:55
2720,2022-11-20 21:34,2022-11-20 22:10
2721,2022-11-20 22:36,2022-11-20 23:04
2722,2022-11-20 23:39,2022-11-21 00:05
2723,2022-11-21 00:44,2022-11-21 01:13
2724,2022-11-21 01:46,2022-11-21 02:13
2725,2022-11-21 02:48,2022-11-21 03:12
2726,2022-11-21 03:52,2022-11-21 04:15
2727,2022-11-21 04:53,2022-11-21 05:16
2728,2022-11-21 05:51,2022-11-21 06:16
2729,2022-11-21 06:55,2022-11-21 07:20
2730,2022-11-21 07:57,2022-11-21 08:19
2763,2022-11-21 22:38,2022-11-21 23:25
2764,2022-11-21 23:48,2022-11-22 00:23
2765,2022-11-22 00:49,2022-11-22 01:40
2766,2022-11-22 01:55,2022-11-22 02:20
2767,2022-11-22 02:57,2022-11-22 03:21
2768,2022-11-22 04:02,2022-11-22 04:29
2769,2022-11-22 05:05,2022-11-22 05:32
2770,2022-11-22 06:07,2022-11-22 06:39
2959,2022-12-01 08:51,2022-12-01 10:05
2964,2022-12-01 11:09,2022-12-01 12:26
2966,2022-12-01 12:36,2022-12-01 14:06
2967,2022-12-01 14:20,2022-12-01 15:08
2968,2022-12-01 15:13,2022-12-01 17:13
2970,2022-12-01 17:28,2022-12-01 18:43
2971,2022-12-01 18:50,2022-12-01 18:55
2973,2022-12-01 19:28,2022-12-01 20:31
2974,2022-12-01 21:00,2022-12-01 21:48
2976,2022-12-01 22:02,2022-12-01 22:13
2981,2022-12-01 22:49,2022-12-01 22:53
2983,2022-12-01 23:20,2022-12-02 00:21
2984,2022-12-02 00:27,2022-12-02 02:27
2985,2022-12-02 02:57,2022-12-02 04:56
2986,2022-12-02 05:08,2022-12-02 05:29
2988,2022-12-02 05:43,2022-12-02 06:01
2989,2022-12-02 07:23,2022-12-02 09:21
2990,2022-12-02 09:30,2022-12-02 10:06
2995,2022-12-02 10:44,2022-12-02 12:46
2996,2022-12-02 12:57,2022-12-02 13:11
2997,2022-12-02 16:14,2022-12-02 17:26
2998,2022-12-02 17:35,2022-12-02 19:30
2999,2022-12-02 19:53,2022-12-02 21:29
3000,2022-12-02 21:35,2022-12-02 22:17
3001,2022-12-02 22:22,2022-12-02 22:46
3003,2022-12-02 23:00,2022-12-02 23:30
3004,2022-12-02 23:36,2022-12-03 01:24
3005,2022-12-03 01:50,2022-12-03 03:12
3006,2022-12-03 04:00,2022-12-03 04:59
3007,2022-12-03 05:08,2022-12-03 07:31
3008,2022-12-03 07:41,2022-12-03 08:40
3009,2022-12-03 08:43,2022-12-03 09:22
3011,2022-12-03 10:40,2022-12-03 11:39
3013,2022-12-03 11:51,2022-12-03 12:52
3014,2022-12-03 13:03,2022-12-03 14:03
3016,2022-12-03 14:13,2022-12-03 15:12
3017,2022-12-03 15:19,2022-12-03 16:08
3018,2022-12-03 16:59,2022-12-03 17:45
3019,2022-12-03 17:59,2022-12-03 18:38
3020,2022-12-03 18:56,2022-12-03 19:54
3021,2022-12-03 20:00,2022-12-03 20:54
3022,2022-12-03 21:00,2022-12-03 21:19
3024,2022-12-03 22:00,2022-12-03 22:41
3025,2022-12-03 22:47,2022-12-03 23:47
3026,2022-12-03 23:51,2022-12-04 01:10
3027,2022-12-04 01:34,2022-12-04 03:53
3028,2022-12-04 03:59,2022-12-04 05:59
3029,2022-12-04 06:01,2022-12-04 06:45
3030,2022-12-04 06:51,2022-12-04 08:21
3035,2022-12-04 09:22,2022-12-04 11:01
3036,2022-12-04 11:46,2022-12-04 12:58
3037,2022-12-04 13:07,2022-12-04 13:30
3038,2022-12-04 13:39,2022-12-04 15:23
3039,2022-12-04 15:45,2022-12-04 16:15
3043,2022-12-04 17:22,2022-12-04 19:17
3045,2022-12-04 19:56,2022-12-04 21:38
3046,2022-12-04 22:02,2022-12-04 23:02
3047,2022-12-04 23:09,2022-12-04 23:27
3048,2022-12-04 23:31,2022-12-05 01:17
3049,2022-12-05 01:38,2022-12-05 03:09
3050,2022-12-05 03:42,2022-12-05 05:17
3051,2022-12-05 05:46,2022-12-05 07:35
3052,2022-12-05 07:54,2022-12-05 08:56
3054,2022-12-05 09:48,2022-12-05 10:30
3055,2022-12-05 10:37,2022-12-05 11:10
3058,2022-12-05 11:46,2022-12-05 12:57
3059,2022-12-05 13:19,2022-12-05 14:02
3061,2022-12-05 14:30,2022-12-05 15:17
3062,2022-12-05 15:30,2022-12-05 16:34
3063,2022-12-05 16:36,2022-12-05 17:43
3064,2022-12-05 17:50,2022-12-05 19:11
3065,2022-12-05 19:29,2022-12-05 20:26
3068,2022-12-05 20:58,2022-12-05 21:55
3069,2022-12-05 21:57,2022-12-05 22:19
3075,2022-12-05 23:37,2022-12-06 00:38
3076,2022-12-06 00:43,2022-12-06 01:40
3077,2022-12-06 01:47,2022-12-06 03:25
3079,2022-12-06 04:29,2022-12-06 06:20
3080,2022-12-06 06:41,2022-12-06 07:43
3082,2022-12-06 08:01,2022-12-06 09:31
3089,2022-12-06 23:26,2022-12-07 01:10
3090,2022-12-07 01:45,2022-12-07 03:06
3091,2022-12-07 03:13,2022-12-07 04:49
3092,2022-12-07 04:52,2022-12-07 06:19
3093,2022-12-07 06:59,2022-12-07 07:59
3108,2022-12-07 20:39,2022-12-07 21:42
3109,2022-12-07 21:45,2022-12-07 23:01
3110,2022-12-07 23:04,2022-12-08 00:08
3111,2022-12-08 00:10,2022-12-08 00:30
3112,2022-12-08 00:38,2022-12-08 01:51
3113,2022-12-08 01:58,2022-12-08 03:09
3114,2022-12-08 03:11,2022-12-08 04:25
3115,2022-12-08 04:34,2022-12-08 06:11
3116,2022-12-08 06:20,2022-12-08 07:30
3117,2022-12-08 07:33,2022-12-08 08:32
3118,2022-12-08 08:40,2022-12-08 09:45
3119,2022-12-08 09:48,2022-12-08 10:50
3120,2022-12-08 10:53,2022-12-08 11:54
3121,2022-12-08 11:57,2022-12-08 12:37
3122,2022-12-08 12:45,2022-12-08 13:50
3123,2022-12-08 13:52,2022-12-08 15:03
3124,2022-12-08 15:06,2022-12-08 15:54
3126,2022-12-08 16:04,2022-12-08 17:05
3127,2022-12-08 17:11,2022-12-08 17:34
3134,2022-12-08 18:19,2022-12-08 19:35
3135,2022-12-08 19:58,2022-12-08 21:13
3136,2022-12-08 21:34,2022-12-08 22:51
3138,2022-12-08 23:13,2022-12-09 00:12
3139,2022-12-09 01:25,2022-12-09 01:48
3140,2022-12-09 02:29,2022-12-09 02:56
3141,2022-12-09 03:06,2022-12-09 04:26
3149,2022-12-09 05:55,2022-12-09 06:04
3150,2022-12-09 06:07,2022-12-09 06:11
3151,2022-12-09 06:18,2022-12-09 07:15
3152,2022-12-09 07:27,2022-12-09 08:46
3158,2022-12-09 14:55,2022-12-09 15:32
3159,2022-12-09 15:39,2022-12-09 17:12
3160,2022-12-09 17:46,2022-12-09 18:56
3161,2022-12-09 19:19,2022-12-09 20:24
3162,2022-12-09 20:49,2022-12-09 21:54
3163,2022-12-09 22:13,2022-12-09 23:09
3164,2022-12-09 23:34,2022-12-10 00:41
3165,2022-12-10 00:50,2022-12-10 02:05
3166,2022-12-10 02:06,2022-12-10 03:19
3167,2022-12-10 03:28,2022-12-10 04:26
3170,2022-12-10 05:08,2022-12-10 06:02
3171,2022-12-10 06:22,2022-12-10 06:51
3173,2022-12-10 07:03,2022-12-10 07:51
3174,2022-12-10 07:55,2022-12-10 09:11
3176,2022-12-10 09:26,2022-12-10 10:28
3177,2022-12-10 10:59,2022-12-10 12:05
3178,2022-12-10 12:20,2022-12-10 13:34
3179,2022-12-10 13:46,2022-12-10 14:47
3180,2022-12-10 15:08,2022-12-10 16:20
3181,2022-12-10 16:37,2022-12-10 16:49
3182,2022-12-10 16:57,2022-12-10 18:00
3183,2022-12-10 18:03,2022-12-10 19:09
3184,2022-12-10 19:13,2022-12-10 20:09
3185,2022-12-10 20:37,2022-12-10 21:37
3186,2022-12-10 21:39,2022-12-10 22:26
3188,2022-12-11 00:31,2022-12-11 01:36
3190,2022-12-11 01:48,2022-12-11 02:59
3191,2022-12-11 03:22,2022-12-11 04:32
3192,2022-12-11 04:36,2022-12-11 05:38
3193,2022-12-11 05:59,2022-12-11 06:38
3194,2022-12-11 07:54,2022-12-11 08:58
3195,2022-12-11 09:26,2022-12-11 10:30
3196,2022-12-11 11:04,2022-12-11 12:09
3197,2022-12-11 12:36,2022-12-11 13:43
3198,2022-12-11 14:07,2022-12-11 15:17
3199,2022-12-11 15:39,2022-12-11 16:51
3200,2022-12-11 17:30,2022-12-11 18:35
3201,2022-12-11 19:00,2022-12-11 20:05
3202,2022-12-11 20:37,2022-12-11 21:47
3203,2022-12-11 22:12,2022-12-11 22:23
3204,2022-12-11 23:11,2022-12-12 00:17
3205,2022-12-12 00:43,2022-12-12 01:51
3212,2022-12-12 03:11,2022-12-12 03:21
3213,2022-12-12 03:27,2022-12-12 04:30
3214,2022-12-12 04:35,2022-12-12 05:04
3215,2022-12-12 05:06,2022-12-12 06:12
3217,2022-12-12 06:42,2022-12-12 07:50
3218,2022-12-12 08:16,2022-12-12 08:26
3219,2022-12-12 08:40,2022-12-12 09:58
3220,2022-12-12 10:34,2022-12-12 11:40
3221,2022-12-12 12:09,2022-12-12 12:43
3222,2022-12-12 12:59,2022-12-12 14:07
3223,2022-12-12 15:04,2022-12-12 16:27
3224,2022-12-12 17:09,2022-12-12 17:30
3225,2022-12-12 18:56,2022-12-12 20:14
3226,2022-12-12 20:54,2022-12-12 22:04
3227,2022-12-12 22:53,2022-12-12 23:04
3228,2022-12-12 23:08,2022-12-13 00:19
3229,2022-12-13 01:01,2022-12-13 02:08
3230,2022-12-13 02:34,2022-12-13 04:19
3231,2022-12-13 05:17,2022-12-13 05:46
3239,2022-12-14 01:25,2022-12-14 01:59
3240,2022-12-14 02:12,2022-12-14 03:08
3241,2022-12-14 03:22,2022-12-14 04:19
3242,2022-12-14 04:21,2022-12-14 05:02
3243,2022-12-14 05:21,2022-12-14 06:27
3244,2022-12-14 06:28,2022-12-14 07:17
3245,2022-12-14 07:25,2022-12-14 08:27
3246,2022-12-14 08:34,2022-12-14 09:52
3247,2022-12-14 09:55,2022-12-14 11:08
3248,2022-12-14 11:12,2022-12-14 12:04
3249,2022-12-14 13:25,2022-12-14 13:37
3250,2022-12-14 16:33,2022-12-14 16:41
3510,2023-01-15 17:35,2023-01-15 18:05
3511,2023-01-15 18:09,2023-01-15 18:38
3512,2023-01-15 18:44,2023-01-15 19:11
3514,2023-01-15 19:29,2023-01-15 19:48
3515,2023-01-15 20:30,2023-01-15 20:38
3517,2023-01-15 21:01,2023-01-15 22:10
3518,2023-01-15 22:13,2023-01-15 23:05
3519,2023-01-15 23:09,2023-01-16 00:42
3520,2023-01-16 00:45,2023-01-16 01:58
3521,2023-01-16 02:05,2023-01-16 02:32
3523,2023-01-16 02:39,2023-01-16 04:07
3524,2023-01-16 04:11,2023-01-16 05:40
3525,2023-01-16 05:43,2023-01-16 07:17
3526,2023-01-16 07:24,2023-01-16 07:55
3552,2023-01-16 21:11,2023-01-16 22:27
3553,2023-01-16 22:36,2023-01-16 23:59
3554,2023-01-17 00:02,2023-01-17 00:11
3555,2023-01-17 00:22,2023-01-17 01:20
3556,2023-01-17 01:23,2023-01-17 02:22
3557,2023-01-17 02:26,2023-01-17 03:28
3558,2023-01-17 03:34,2023-01-17 04:33
3559,2023-01-17 04:36,2023-01-17 05:38
3560,2023-01-17 05:40,2023-01-17 06:34
3561,2023-01-17 06:40,2023-01-17 07:39
3562,2023-01-17 07:43,2023-01-17 08:45
3563,2023-01-17 08:47,2023-01-17 08:51
3578,2023-01-17 15:33,2023-01-17 16:18
3579,2023-01-17 16:28,2023-01-17 17:33
3580,2023-01-17 17:35,2023-01-17 18:29
3581,2023-01-17 18:31,2023-01-17 19:20
3582,2023-01-17 20:13,2023-01-17 20:49
3583,2023-01-17 21:06,2023-01-17 21:25
3588,2023-01-17 22:39,2023-01-17 23:36
3589,2023-01-17 23:41,2023-01-18 00:50
3590,2023-01-18 00:53,2023-01-18 01:52
3591,2023-01-18 02:04,2023-01-18 03:00
3592,2023-01-18 03:03,2023-01-18 04:02
3593,2023-01-18 04:06,2023-01-18 05:01
3594,2023-01-18 05:14,2023-01-18 06:09
3595,2023-01-18 06:11,2023-01-18 07:10
3596,2023-01-18 07:13,2023-01-18 07:20
3671,2023-01-20 03:43,2023-01-20 04:32
3672,2023-01-20 04:39,2023-01-20 06:03
3673,2023-01-20 06:06,2023-01-20 07:01
3694,2023-01-21 05:43,2023-01-21 06:18
3695,2023-01-21 06:22,2023-01-21 06:49
3696,2023-01-21 07:46,2023-01-21 07:57
3697,2023-01-21 08:00,2023-01-21 08:40
3698,2023-01-21 08:46,2023-01-21 09:25
3701,2023-01-21 10:27,2023-01-21 11:12
3702,2023-01-21 11:22,2023-01-21 13:00
3703,2023-01-21 13:02,2023-01-21 14:15
3704,2023-01-21 14:22,2023-01-21 16:07
3705,2023-01-21 16:08,2023-01-21 17:15
3706,2023-01-21 17:23,2023-01-21 17:27
3708,2023-01-21 18:10,2023-01-21 18:28
3709,2023-01-21 18:43,2023-01-21 19:46
3710,2023-01-21 19:51,2023-01-21 21:02
3711,2023-01-21 21:08,2023-01-21 22:28
3712,2023-01-21 22:31,2023-01-21 23:32
3713,2023-01-21 23:36,2023-01-22 01:02
3714,2023-01-22 01:06,2023-01-22 02:35
3715,2023-01-22 02:50,2023-01-22 04:32
3716,2023-01-22 04:35,2023-01-22 05:32
3717,2023-01-22 05:39,2023-01-22 07:07
3718,2023-01-22 07:09,2023-01-22 08:24
3719,2023-01-22 08:37,2023-01-22 10:25
3720,2023-01-22 10:27,2023-01-22 10:42
3721,2023-01-22 11:06,2023-01-22 11:21
3722,2023-01-22 13:32,2023-01-22 14:35
3723,2023-01-22 14:41,2023-01-22 15:12
3729,2023-01-22 16:03,2023-01-22 17:21
3730,2023-01-22 20:26,2023-01-22 20:53
3731,2023-01-22 20:58,2023-01-22 22:02
3732,2023-01-22 22:05,2023-01-22 23:21
3733,2023-01-22 23:27,2023-01-23 00:15
3734,2023-01-23 00:21,2023-01-23 01:40
3737,2023-01-23 01:59,2023-01-23 02:32
3738,2023-01-23 03:11,2023-01-23 03:50
3739,2023-01-23 04:20,2023-01-23 05:27
3740,2023-01-23 05:36,2023-01-23 06:45
3741,2023-01-23 06:52,2023-01-23 08:27
3742,2023-01-23 08:30,2023-01-23 08:43
3747,2023-01-23 09:44,2023-01-23 09:52
3748,2023-01-23 13:51,2023-01-23 15:16
3749,2023-01-23 15:19,2023-01-23 16:20
3750,2023-01-23 16:27,2023-01-23 17:22
3752,2023-01-23 17:27,2023-01-23 18:17
3753,2023-01-23 18:20,2023-01-23 18:43
3754,2023-01-23 18:47,2023-01-23 19:30
3755,2023-01-23 19:36,2023-01-23 20:41
3756,2023-01-23 20:43,2023-01-23 21:35
3758,2023-01-23 21:41,2023-01-23 22:30
3759,2023-01-23 22:37,2023-01-23 23:29
3761,2023-01-23 23:36,2023-01-24 00:05
3762,2023-01-24 00:09,2023-01-24 01:24
3763,2023-01-24 01:32,2023-01-24 03:01
3764,2023-01-24 03:04,2023-01-24 04:01
3765,2023-01-24 04:07,2023-01-24 05:45
3766,2023-01-24 05:47,2023-01-24 07:03
3767,2023-01-24 07:04,2023-01-24 08:29
3782,2023-01-24 23:03,2023-01-24 23:19
3783,2023-01-24 23:22,2023-01-24 23:36
3784,2023-01-24 23:40,2023-01-25 00:40
3786,2023-01-25 00:54,2023-01-25 01:08
3787,2023-01-25 01:15,2023-01-25 01:36
3788,2023-01-25 01:43,2023-01-25 02:44
3789,2023-01-25 02:47,2023-01-25 03:46
3790,2023-01-25 03:49,2023-01-25 04:03
3791,2023-01-25 04:10,2023-01-25 05:12
3792,2023-01-25 05:43,2023-01-25 05:54
3794,2023-01-25 06:36,2023-01-25 07:00
3795,2023-01-25 07:08,2023-01-25 07:25
3796,2023-01-25 09:50,2023-01-25 10:08
3810,2023-01-25 23:52,2023-01-26 00:51
3811,2023-01-26 00:57,2023-01-26 02:00
3812,2023-01-26 02:11,2023-01-26 03:05
3813,2023-01-26 03:24,2023-01-26 04:38
3815,2023-01-27 08:41,2023-01-27 08:54
3822,2023-01-27 11:13,2023-01-27 11:32
3823,2023-01-27 14:27,2023-01-27 15:24
3824,2023-01-27 15:26,2023-01-27 16:33
3825,2023-01-27 16:38,2023-01-27 17:38
3826,2023-01-27 17:40,2023-01-27 18:44
3827,2023-01-27 18:46,2023-01-27 19:46
3828,2023-01-27 19:49,2023-01-27 20:49
3829,2023-01-27 20:53,2023-01-27 21:55
3830,2023-01-27 21:57,2023-01-27 23:01
3832,2023-01-27 23:09,2023-01-28 00:11
3833,2023-01-28 00:13,2023-01-28 01:16
3835,2023-01-28 01:39,2023-01-28 03:02
3836,2023-01-28 03:04,2023-01-28 04:13
3837,2023-01-28 04:15,2023-01-28 05:29
3838,2023-01-28 05:34,2023-01-28 06:57
3839,2023-01-28 07:03,2023-01-28 08:08
3840,2023-01-28 08:12,2023-01-28 09:10
3841,2023-01-28 09:19,2023-01-28 10:02
3842,2023-01-28 11:00,2023-01-28 11:59
3843,2023-01-28 12:03,2023-01-28 13:05
3844,2023-01-28 13:11,2023-01-28 14:03
3846,2023-01-28 15:04,2023-01-28 16:11
3847,2023-01-28 16:15,2023-01-28 17:14
3848,2023-01-28 17:17,2023-01-28 18:09
3849,2023-01-28 18:25,2023-01-28 19:27
3850,2023-01-28 19:29,2023-01-28 20:30
3851,2023-01-28 20:36,2023-01-28 21:58
3852,2023-01-28 22:08,2023-01-28 23:05
3853,2023-01-28 23:07,2023-01-28 23:54
3854,2023-01-28 23:59,2023-01-29 01:00
3855,2023-01-29 01:02,2023-01-29 01:54
3856,2023-01-29 03:14,2023-01-29 04:19
3857,2023-01-29 04:23,2023-01-29 04:49
3858,2023-01-29 06:11,2023-01-29 07:11
3859,2023-01-29 07:13,2023-01-29 08:20
3860,2023-01-29 08:26,2023-01-29 09:11
3861,2023-01-29 10:09,2023-01-29 10:51
3864,2023-01-29 20:31,2023-01-29 21:25
3866,2023-01-29 23:45,2023-01-30 00:48
3868,2023-01-30 01:54,2023-01-30 02:55
3869,2023-01-30 02:58,2023-01-30 04:13
3878,2023-01-31 12:00,2023-01-31 13:02
3880,2023-01-31 13:45,2023-01-31 14:44
3881,2023-01-31 14:47,2023-01-31 15:22
3882,2023-01-31 15:58,2023-01-31 17:07
3883,2023-01-31 17:11,2023-01-31 18:32
3884,2023-01-31 18:35,2023-01-31 19:28
3885,2023-01-31 19:35,2023-01-31 20:30
3889,2023-02-01 04:12,2023-02-01 04:56
3890,2023-02-01 05:11,2023-02-01 06:30
3923,2023-02-02 13:46,2023-02-02 14:44
3924,2023-02-02 14:47,2023-02-02 15:34
3926,2023-02-02 19:22,2023-02-02 21:21
3927,2023-02-02 21:55,2023-02-02 23:30
3928,2023-02-02 23:36,2023-02-03 00:25
3929,2023-02-03 00:31,2023-02-03 01:34
3930,2023-02-03 01:38,2023-02-03 02:38
3931,2023-02-03 02:51,2023-02-03 03:53
3932,2023-02-03 04:00,2023-02-03 05:02
3933,2023-02-03 05:06,2023-02-03 06:01
3934,2023-02-03 06:04,2023-02-03 07:02
3935,2023-02-03 07:06,2023-02-03 07:47
3936,2023-02-03 07:53,2023-02-03 08:55
3937,2023-02-03 08:59,2023-02-03 10:01
3938,2023-02-03 10:04,2023-02-03 10:26
3939,2023-02-03 10:47,2023-02-03 11:49
3940,2023-02-03 11:57,2023-02-03 13:08
3941,2023-02-03 13:15,2023-02-03 14:15
3942,2023-02-03 14:19,2023-02-03 15:17
3944,2023-02-03 15:40,2023-02-03 16:08
3945,2023-02-03 16:54,2023-02-03 17:09
3946,2023-02-03 17:20,2023-02-03 18:26
3947,2023-02-03 18:28,2023-02-03 19:26
3948,2023-02-03 19:37,2023-02-03 20:43
3951,2023-02-03 21:32,2023-02-03 21:35
3952,2023-02-03 21:38,2023-02-03 22:33
3954,2023-02-03 22:38,2023-02-03 23:29
3955,2023-02-03 23:34,2023-02-04 00:34
3956,2023-02-04 00:36,2023-02-04 01:35
3957,2023-02-04 01:38,2023-02-04 02:37
3958,2023-02-04 02:40,2023-02-04 03:39
3959,2023-02-04 03:46,2023-02-04 04:46
3960,2023-02-04 04:52,2023-02-04 05:52
3961,2023-02-04 05:53,2023-02-04 06:53
3962,2023-02-04 06:56,2023-02-04 07:17
3963,2023-02-04 07:44,2023-02-04 09:04
3964,2023-02-04 09:08,2023-02-04 10:06
3965,2023-02-04 10:12,2023-02-04 10:38
3966,2023-02-04 10:43,2023-02-04 11:42
3967,2023-02-04 12:03,2023-02-04 13:22
3968,2023-02-04 13:26,2023-02-04 14:43
3970,2023-02-04 16:41,2023-02-04 17:44
3972,2023-02-04 18:25,2023-02-04 19:33
3973,2023-02-04 19:40,2023-02-04 20:41
3974,2023-02-04 20:44,2023-02-04 21:49
3975,2023-02-04 21:54,2023-02-04 23:01
3976,2023-02-04 23:02,2023-02-04 23:29
3977,2023-02-04 23:52,2023-02-05 01:21
3978,2023-02-05 01:22,2023-02-05 02:04
3980,2023-02-05 04:23,2023-02-05 05:07
3981,2023-02-05 05:09,2023-02-05 05:21
3983,2023-02-05 05:58,2023-02-05 07:00
3985,2023-02-05 09:01,2023-02-05 09:59
3986,2023-02-05 10:01,2023-02-05 10:39
3996,2023-02-06 01:24,2023-02-06 02:30
3998,2023-02-06 08:11,2023-02-06 08:24
4023,2023-02-09 13:28,2023-02-09 13:44
4024,2023-02-09 13:48,2023-02-09 14:06
4025,2023-02-09 14:28,2023-02-09 15:12
4027,2023-02-09 15:30,2023-02-09 15:56
4028,2023-02-09 16:14,2023-02-09 17:16
4029,2023-02-09 17:21,2023-02-09 18:22
4030,2023-02-09 18:23,2023-02-09 18:59
4031,2023-02-09 19:07,2023-02-09 20:07
4032,2023-02-09 20:11,2023-02-09 21:22
4034,2023-02-09 22:10,2023-02-09 22:45
4035,2023-02-09 23:24,2023-02-10 00:45
4036,2023-02-10 00:51,2023-02-10 01:30
4037,2023-02-10 01:38,2023-02-10 03:00
4038,2023-02-10 03:02,2023-02-10 03:34
4043,2023-02-10 04:34,2023-02-10 05:44
4044,2023-02-10 05:46,2023-02-10 06:44
4046,2023-02-10 07:02,2023-02-10 08:13
4048,2023-02-10 13:22,2023-02-10 13:36
4051,2023-02-10 13:48,2023-02-10 14:56
4052,2023-02-10 14:59,2023-02-10 15:55
4053,2023-02-10 16:01,2023-02-10 17:04
4054,2023-02-10 17:13,2023-02-10 18:14
4055,2023-02-10 18:39,2023-02-10 18:59
4056,2023-02-10 19:16,2023-02-10 19:49
4057,2023-02-10 19:58,2023-02-10 20:58
4058,2023-02-10 21:02,2023-02-10 21:57
4059,2023-02-10 22:07,2023-02-10 23:08
4060,2023-02-10 23:10,2023-02-11 00:07
4061,2023-02-11 00:09,2023-02-11 00:42
4062,2023-02-11 01:04,2023-02-11 02:02
4063,2023-02-11 02:07,2023-02-11 03:08
4064,2023-02-11 03:11,2023-02-11 04:15
4065,2023-02-11 04:31,2023-02-11 05:17
4066,2023-02-11 05:21,2023-02-11 06:02
4067,2023-02-11 06:06,2023-02-11 06:28
4068,2023-02-11 06:31,2023-02-11 07:41
4069,2023-02-11 07:44,2023-02-11 08:11
4070,2023-02-11 08:20,2023-02-11 08:26
4071,2023-02-11 08:39,2023-02-11 09:32
4072,2023-02-11 10:00,2023-02-11 11:52
4073,2023-02-11 11:56,2023-02-11 12:24
4074,2023-02-11 12:29,2023-02-11 14:21
4075,2023-02-11 14:29,2023-02-11 15:12
4076,2023-02-11 16:11,2023-02-11 17:11
4077,2023-02-11 17:14,2023-02-11 18:31
4078,2023-02-11 18:36,2023-02-11 19:37
4079,2023-02-11 19:42,2023-02-11 20:33
4080,2023-02-11 20:35,2023-02-11 21:27
4081,2023-02-11 21:30,2023-02-11 21:44
4082,2023-02-11 22:17,2023-02-11 23:25
4083,2023-02-11 23:28,2023-02-12 00:17
4084,2023-02-12 00:19,2023-02-12 02:24
4085,2023-02-12 02:28,2023-02-12 03:51
4086,2023-02-12 03:53,2023-02-12 05:12
4087,2023-02-12 05:37,2023-02-12 06:18
4088,2023-02-12 06:48,2023-02-12 07:53
4089,2023-02-12 07:54,2023-02-12 08:49
4091,2023-02-12 11:17,2023-02-12 12:30
4092,2023-02-12 12:32,2023-02-12 13:39
4093,2023-02-12 13:44,2023-02-12 14:40
4094,2023-02-12 14:46,2023-02-12 15:59
4095,2023-02-12 16:02,2023-02-12 16:57
4096,2023-02-12 17:03,2023-02-12 17:53
4097,2023-02-12 18:17,2023-02-12 18:57
4098,2023-02-12 19:02,2023-02-12 19:45
4099,2023-02-12 19:48,2023-02-12 20:52
4100,2023-02-12 20:53,2023-02-12 22:32
4101,2023-02-12 22:37,2023-02-12 23:36
4102,2023-02-12 23:41,2023-02-13 01:31
4103,2023-02-13 01:33,2023-02-13 02:25
4104,2023-02-13 02:32,2023-02-13 04:04
4105,2023-02-13 04:10,2023-02-13 05:34
4106,2023-02-13 05:36,2023-02-13 05:54
4107,2023-02-13 06:11,2023-02-13 06:49
4114,2023-02-13 23:42,2023-02-14 00:43
4115,2023-02-14 00:45,2023-02-14 01:46
4116,2023-02-14 01:48,2023-02-14 02:05
4117,2023-02-14 02:10,2023-02-14 03:26
4118,2023-02-14 03:31,2023-02-14 04:31
4119,2023-02-14 04:34,2023-02-14 05:32
4120,2023-02-14 05:56,2023-02-14 07:30
4121,2023-02-14 07:35,2023-02-14 08:30
4122,2023-02-14 09:02,2023-02-14 09:12
4155,2023-02-15 01:36,2023-02-15 02:12
4156,2023-02-15 02:40,2023-02-15 03:39
4159,2023-02-15 04:05,2023-02-15 04:42
4160,2023-02-15 05:25,2023-02-15 06:24
4164,2023-02-15 07:00,2023-02-15 07:50
4165,2023-02-15 07:53,2023-02-15 08:56
4167,2023-02-15 09:11,2023-02-15 09:54
4168,2023-02-15 10:13,2023-02-15 11:00
4169,2023-02-15 11:07,2023-02-15 11:58
4170,2023-02-15 12:01,2023-02-15 13:01
4171,2023-02-15 13:05,2023-02-15 13:59
4172,2023-02-15 14:03,2023-02-15 14:39
4173,2023-02-15 14:51,2023-02-15 15:50
4174,2023-02-15 15:57,2023-02-15 16:57
4175,2023-02-15 17:04,2023-02-15 18:03
4176,2023-02-15 18:06,2023-02-15 19:07
4178,2023-02-15 19:22,2023-02-15 20:01
4179,2023-02-15 20:30,2023-02-15 21:37
4180,2023-02-15 21:40,2023-02-15 22:45
4181,2023-02-15 22:48,2023-02-15 23:45
4182,2023-02-15 23:50,2023-02-16 00:51
4186,2023-02-16 01:50,2023-02-16 02:48
4187,2023-02-16 02:52,2023-02-16 03:49
4188,2023-02-16 03:52,2023-02-16 04:45
4190,2023-02-16 05:32,2023-02-16 06:30
4192,2023-02-16 18:08,2023-02-16 18:18
4194,2023-02-16 20:05,2023-02-16 21:05
4195,2023-02-16 21:10,2023-02-16 21:47
4196,2023-02-16 21:49,2023-02-16 22:52
4197,2023-02-16 22:58,2023-02-17 00:03
4198,2023-02-17 00:08,2023-02-17 01:53
4199,2023-02-17 01:59,2023-02-17 03:10
4200,2023-02-17 03:16,2023-02-17 04:30
4201,2023-02-17 04:49,2023-02-17 06:17
4202,2023-02-17 06:24,2023-02-17 06:36
4203,2023-02-17 07:20,2023-02-17 09:15
4204,2023-02-17 09:18,2023-02-17 10:04
4214,2023-02-17 11:09,2023-02-17 12:03
4215,2023-02-17 12:21,2023-02-17 12:52
4216,2023-02-17 13:00,2023-02-17 13:54
4217,2023-02-17 13:59,2023-02-17 14:20
4218,2023-02-17 15:41,2023-02-17 15:58
4219,2023-02-17 16:10,2023-02-17 17:08
4220,2023-02-17 17:28,2023-02-17 18:27
4223,2023-02-17 21:06,2023-02-17 22:02
4224,2023-02-17 22:20,2023-02-17 23:04
4230,2023-02-18 00:31,2023-02-18 00:37
4231,2023-02-18 01:03,2023-02-18 02:33
4233,2023-02-18 03:16,2023-02-18 04:31
4234,2023-02-18 04:34,2023-02-18 05:06
4236,2023-02-18 05:48,2023-02-18 06:27
4251,2023-02-18 23:51,2023-02-19 01:40
4252,2023-02-19 01:46,2023-02-19 02:57
4253,2023-02-19 03:01,2023-02-19 03:47
4254,2023-02-19 03:53,2023-02-19 05:36
4256,2023-02-19 06:26,2023-02-19 07:46
4257,2023-02-19 07:51,2023-02-19 08:53
4258,2023-02-19 08:58,2023-02-19 09:43
4260,2023-02-19 10:50,2023-02-19 11:33
4261,2023-02-19 12:15,2023-02-19 12:57
4262,2023-02-19 13:01,2023-02-19 13:24
4263,2023-02-19 13:43,2023-02-19 14:50
4264,2023-02-19 14:52,2023-02-19 15:17
4265,2023-02-19 15:28,2023-02-19 17:53
4266,2023-02-19 17:58,2023-02-19 18:33
4273,2023-02-20 06:33,2023-02-20 06:56
4274,2023-02-20 07:55,2023-02-20 09:07
4275,2023-02-20 09:10,2023-02-20 10:08
4284,2023-02-21 03:02,2023-02-21 03:34
4285,2023-02-21 03:57,2023-02-21 04:56
4286,2023-02-21 04:58,2023-02-21 05:43
4288,2023-02-21 06:46,2023-02-21 07:14
4289,2023-02-21 07:32,2023-02-21 08:30
4290,2023-02-21 08:34,2023-02-21 09:27
4292,2023-02-21 10:15,2023-02-21 11:01
4293,2023-02-21 13:36,2023-02-21 13:54
4294,2023-02-21 15:53,2023-02-21 16:12
4297,2023-02-22 02:15,2023-02-22 03:14
4298,2023-02-22 03:17,2023-02-22 04:01
4299,2023-02-22 04:13,2023-02-22 05:19
4300,2023-02-22 05:21,2023-02-22 06:02
4302,2023-02-22 14:02,2023-02-22 14:11
4303,2023-02-22 18:36,2023-02-22 19:44
4304,2023-02-22 19:48,2023-02-22 20:59
4305,2023-02-22 21:00,2023-02-22 22:00
4307,2023-02-22 22:47,2023-02-22 23:46
4308,2023-02-22 23:49,2023-02-23 00:40
4309,2023-02-23 01:16,2023-02-23 01:21
4310,2023-02-23 01:27,2023-02-23 02:19
4311,2023-02-23 02:38,2023-02-23 03:15
4315,2023-02-23 05:13,2023-02-23 06:13
4316,2023-02-23 06:18,2023-02-23 06:37
4320,2023-02-23 18:15,2023-02-23 19:15
4321,2023-02-23 19:18,2023-02-23 19:39
4322,2023-02-23 20:01,2023-02-23 21:01
4323,2023-02-23 21:04,2023-02-23 21:59
4324,2023-02-23 22:08,2023-02-23 22:45
4325,2023-02-23 22:52,2023-02-23 23:03
4328,2023-02-23 23:47,2023-02-24 00:51
4329,2023-02-24 01:08,2023-02-24 02:17
4330,2023-02-24 02:18,2023-02-24 03:22
4331,2023-02-24 03:28,2023-02-24 04:00
4332,2023-02-24 04:29,2023-02-24 05:27
4333,2023-02-24 05:29,2023-02-24 06:39
4334,2023-02-24 06:44,2023-02-24 07:19
4335,2023-02-24 07:49,2023-02-24 08:03
4339,2023-02-25 09:32,2023-02-25 09:57
4341,2023-02-25 10:04,2023-02-25 10:56
4343,2023-02-25 11:27,2023-02-25 12:29
4344,2023-02-25 12:35,2023-02-25 12:59
4354,2023-02-25 17:30,2023-02-25 18:20
4355,2023-02-25 18:38,2023-02-25 19:49
4356,2023-02-25 20:01,2023-02-25 21:23
4357,2023-02-25 21:24,2023-02-25 22:47
4359,2023-02-25 23:02,2023-02-25 23:58
4360,2023-02-26 00:06,2023-02-26 01:11
4361,2023-02-26 01:13,2023-02-26 02:20
4362,2023-02-26 02:22,2023-02-26 03:53
4363,2023-02-26 03:58,2023-02-26 05:01
4364,2023-02-26 05:04,2023-02-26 06:06
4365,2023-02-26 06:09,2023-02-26 07:03
4367,2023-02-26 07:21,2023-02-26 07:46
4368,2023-02-26 07:52,2023-02-26 08:50
4370,2023-02-26 09:18,2023-02-26 10:22
4371,2023-02-26 10:28,2023-02-26 11:37
4372,2023-02-26 11:44,2023-02-26 12:41
4374,2023-02-26 15:25,2023-02-26 16:20
4375,2023-02-26 16:41,2023-02-26 17:17
4376,2023-02-26 17:25,2023-02-26 18:27
4377,2023-02-26 18:30,2023-02-26 19:27
4378,2023-02-26 19:38,2023-02-26 20:42
4379,2023-02-26 20:46,2023-02-26 21:45
4470,2023-03-08 20:37,2023-03-08 20:55
4471,2023-03-08 21:05,2023-03-08 21:18
4474,2023-03-09 02:06,2023-03-09 03:06
4475,2023-03-09 03:13,2023-03-09 03:46
4476,2023-03-09 03:54,2023-03-09 04:22
4478,2023-03-09 04:31,2023-03-09 04:59
4479,2023-03-09 05:05,2023-03-09 06:03
4482,2023-03-09 06:27,2023-03-09 07:00
4483,2023-03-09 07:10,2023-03-09 07:18
4486,2023-03-09 09:13,2023-03-09 09:42
4487,2023-03-09 09:51,2023-03-09 10:11
4488,2023-03-09 10:20,2023-03-09 10:31
4490,2023-03-09 11:05,2023-03-09 12:02
4491,2023-03-09 12:13,2023-03-09 13:14
4492,2023-03-09 13:18,2023-03-09 13:48
4493,2023-03-09 14:18,2023-03-09 15:18
4494,2023-03-09 15:28,2023-03-09 16:18
4495,2023-03-09 16:34,2023-03-09 17:34
4497,2023-03-09 17:50,2023-03-09 18:49
4498,2023-03-09 18:52,2023-03-09 19:46
4503,2023-03-09 20:28,2023-03-09 21:29
4507,2023-03-09 21:49,2023-03-09 23:01
4510,2023-03-09 23:12,2023-03-09 23:37
4512,2023-03-09 23:53,2023-03-10 01:00
4514,2023-03-10 01:54,2023-03-10 02:57
4522,2023-03-10 04:12,2023-03-10 05:18
4523,2023-03-10 05:20,2023-03-10 06:32
4524,2023-03-10 06:35,2023-03-10 07:31
4526,2023-03-10 08:17,2023-03-10 10:00
4540,2023-03-10 13:27,2023-03-10 14:08
4543,2023-03-10 14:41,2023-03-10 14:51
4547,2023-03-10 23:13,2023-03-11 00:10
4549,2023-03-11 02:33,2023-03-11 04:00
4552,2023-03-11 04:25,2023-03-11 06:07
4554,2023-03-11 06:30,2023-03-11 07:30
4555,2023-03-11 07:34,2023-03-11 08:08
4556,2023-03-11 08:17,2023-03-11 10:16
4557,2023-03-11 10:23,2023-03-11 11:28
4559,2023-03-11 13:24,2023-03-11 14:22
4560,2023-03-11 14:29,2023-03-11 15:37
4562,2023-03-11 16:41,2023-03-11 17:52
4569,2023-03-11 18:43,2023-03-11 20:42
4570,2023-03-11 20:44,2023-03-11 22:23
4571,2023-03-11 22:42,2023-03-12 00:27
4572,2023-03-12 00:29,2023-03-12 03:29
4573,2023-03-12 03:39,2023-03-12 04:51
4574,2023-03-12 04:52,2023-03-12 06:39
4575,2023-03-12 06:41,2023-03-12 07:33
4576,2023-03-12 07:40,2023-03-12 09:38
4577,2023-03-12 09:41,2023-03-12 11:38
4578,2023-03-12 11:52,2023-03-12 12:00
4579,2023-03-12 12:06,2023-03-12 13:46
4580,2023-03-12 14:02,2023-03-12 15:56
4581,2023-03-12 16:03,2023-03-12 18:05
4582,2023-03-12 18:10,2023-03-12 20:15
4583,2023-03-12 20:23,2023-03-12 22:16
4584,2023-03-12 22:29,2023-03-12 22:36
4585,2023-03-13 00:26,2023-03-13 01:27
4586,2023-03-13 01:30,2023-03-13 02:57
4587,2023-03-13 03:00,2023-03-13 03:52
